f0,f1,f2,f3,f4,f5,f6,f7,f8,f9,f10,f11,f12,f13,close
0,0,0.0,0.0,0.0,0.0,0.0,0,0,0,0,0,0,0,
0,0,0.0,0.0,0.0,0.0,0.0,0,0,0,0,0,0,0,
0,0,52.08,51.58,52.74,-0.0109,52.5,0,0,0,0,0,0,0,51.93
0,0,53.24,51.5,54.31,0.0375,51.95,0,0,0,0,0,0,0,53.9
0,0,53.82,53.28,54.42,-0.0061009,54.09,0,0,0,0,0,0,0,53.76
0,0,55.93,54.11,57.02,0.0467,54.12,0,0,0,0,0,0,0,56.65
0,0,57.36,56.66,57.98,0.0029689,57.26,0,0,0,0,0,0,0,57.43
0,0,0.0,0.0,0.0,0.0,0.0,0,0,0,0,0,0,0,
0,0,0.0,0.0,0.0,0.0,0.0,0,0,0,0,0,0,0,
0,0,57.62,56.75,58.22,0.0031185,57.72,0,0,0,0,0,0,0,57.9
0,0,57.96,57.2,58.84,0.0015587,57.74,0,0,0,0,0,0,0,57.83
0,0,59.32,58.65,59.93,0.0091774,58.84,0,0,0,0,0,0,0,59.38
0,0,59.26,58.61,59.73,0.0026995,59.27,0,0,0,0,0,0,0,59.43
0,0,58.67,57.75,59.8,-0.0127,59.22,0,0,0,0,0,0,0,58.47
0,0,0.0,0.0,0.0,0.0,0.0,0,0,0,0,0,0,0,
0,0,0.0,0.0,0.0,0.0,0.0,0,0,0,0,0,0,0,
0,0,59.24,58.34,60.28,-0.0030369,59.27,0,0,0,0,0,0,0,59.09
0,0,57.26,56.09,59.43,-0.0489,59.14,0,0,0,0,0,0,0,56.25
0,0,56.95,56.04,57.48,0.015,56.49,0,0,0,0,0,0,0,57.34
0,0,0.0,0.0,0.0,0.0,0.0,0,0,0,0,0,0,0,
0,0,57.21,56.29,57.82,0.0022656,57.38,0,0,0,0,0,0,0,57.51
0,0,0.0,0.0,0.0,0.0,0.0,0,0,0,0,0,0,0,
0,0,0.0,0.0,0.0,0.0,0.0,0,0,0,0,0,0,0,
0,0,57.81,57.3,58.46,-0.0019041,57.77,0,0,0,0,0,0,0,57.66
0,0,58.07,57.29,59.1,0.0046908,57.56,0,0,0,0,0,0,0,57.83
0,0,59.77,58.35,60.53,0.0348,58.4,0,0,0,0,0,0,0,60.43
0,0,60.43,60.14,60.94,-0.0039709,60.44,0,0,0,0,0,0,0,60.2
0,0,60.29,59.93,60.74,-0.004135,60.46,0,0,0,0,0,0,0,60.21
0,0,0.0,0.0,0.0,0.0,0.0,0,0,0,0,0,0,0,
0,0,0.0,0.0,0.0,0.0,0.0,0,0,0,0,0,0,0,
0,0,59.9,59.2,60.92,-0.0111,60.25,0,0,0,0,0,0,0,59.58
0,0,58.25,57.07,60.06,-0.0277,59.26,0,0,0,0,0,0,0,57.62
0,0,57.12,56.21,58.36,-0.0129,57.52,0,0,0,0,0,0,0,56.78
0,0,55.78,54.72,57.32,-0.023,56.6,0,0,0,0,0,0,0,55.3
0,0,55.66,54.99,56.36,-0.0016152,55.72,0,0,0,0,0,0,0,55.63
0,0,0.0,0.0,0.0,0.0,0.0,0,0,0,0,0,0,0,
0,0,0.0,0.0,0.0,0.0,0.0,0,0,0,0,0,0,0,
0,0,56.26,55.72,56.84,0.0,56.22,0,0,0,0,0,0,0,56.22
0,0,56.66,55.74,57.47,0.0107,56.17,0,0,0,0,0,0,0,56.77
0,0,56.28,55.33,57.64,-0.0236,57.23,0,0,0,0,0,0,0,55.88
0,0,56.27,55.81,56.99,0.0021467,55.9,0,0,0,0,0,0,0,56.02
0,0,56.15,55.68,56.57,0.0048275,55.93,0,0,0,0,0,0,0,56.2
0,0,0.0,0.0,0.0,0.0,0.0,0,0,0,0,0,0,0,
0,0,0.0,0.0,0.0,0.0,0.0,0,0,0,0,0,0,0,
0,0,56.59,55.81,57.1,0.0119,56.2,0,0,0,0,0,0,0,56.87
0,0,57.83,56.96,58.47,0.0172,57.07,0,0,0,0,0,0,0,58.05
0,0,58.4,57.81,58.82,0.0041138,58.34,0,0,0,0,0,0,0,58.58
0,0,55.18,53.59,57.99,-0.0674,57.85,0,0,0,0,0,0,0,53.95
0,0,55.29,54.15,56.05,0.0205,54.54,0,0,0,0,0,0,0,55.66
0,0,0.0,0.0,0.0,0.0,0.0,0,0,0,0,0,0,0,
0,0,0.0,0.0,0.0,0.0,0.0,0,0,0,0,0,0,0,
0,0,54.84,54.22,55.61,-0.0125,55.38,0,0,0,0,0,0,0,54.69
0,0,54.11,53.29,55.42,-0.024,54.95,0,0,0,0,0,0,0,53.63
0,0,51.79,50.52,53.77,-0.0436,53.42,0,0,0,0,0,0,0,51.09
0,0,52.51,51.94,53.06,0.004013,52.33,0,0,0,0,0,0,0,52.54
0,0,53.93,52.37,54.92,0.0306,52.88,0,0,0,0,0,0,0,54.5
0,0,0.0,0.0,0.0,0.0,0.0,0,0,0,0,0,0,0,
0,0,0.0,0.0,0.0,0.0,0.0,0,0,0,0,0,0,0,
0,0,54.55,53.54,55.18,0.0112,54.32,0,0,0,0,0,0,0,54.93
0,0,56.26,54.21,57.47,0.0433,54.73,0,0,0,0,0,0,0,57.1
0,0,55.35,53.97,56.85,-0.0266,56.74,0,0,0,0,0,0,0,55.23
0,0,54.52,53.77,55.33,-0.0078324,54.9,0,0,0,0,0,0,0,54.47
0,0,54.93,54.26,55.67,0.0023749,54.74,0,0,0,0,0,0,0,54.87
0,0,0.0,0.0,0.0,0.0,0.0,0,0,0,0,0,0,0,
0,0,0.0,0.0,0.0,0.0,0.0,0,0,0,0,0,0,0,
0,0,55.82,54.84,56.41,0.0227,54.96,0,0,0,0,0,0,0,56.21
0,0,56.07,55.28,56.6,0.0042781,56.1,0,0,0,0,0,0,0,56.34
0,0,56.12,55.55,57.13,-0.0066012,56.05,0,0,0,0,0,0,0,55.68
0,0,55.55,54.85,56.46,-0.0105,55.94,0,0,0,0,0,0,0,55.35
0,0,54.34,53.24,55.6,-0.0213,55.35,0,0,0,0,0,0,0,54.17
0,0,0.0,0.0,0.0,0.0,0.0,0,0,0,0,0,0,0,
0,0,0.0,0.0,0.0,0.0,0.0,0,0,0,0,0,0,0,
0,0,53.95,52.96,55.26,0.0073239,53.25,0,0,0,0,0,0,0,53.64
0,0,54.78,53.69,55.72,0.0218,53.76,0,0,0,0,0,0,0,54.93
0,0,55.96,55.34,56.75,0.0012565,55.71,0,0,0,0,0,0,0,55.78
0,0,56.34,55.43,56.89,0.0149,55.88,0,0,0,0,0,0,0,56.71
0,0,55.46,54.55,56.72,-0.027,56.63,0,0,0,0,0,0,0,55.1
0,0,0.0,0.0,0.0,0.0,0.0,0,0,0,0,0,0,0,
0,0,0.0,0.0,0.0,0.0,0.0,0,0,0,0,0,0,0,
0,0,0.0,0.0,0.0,0.0,0.0,0,0,0,0,0,0,0,
0,0,54.01,52.84,55.24,-0.0193,55.0,0,0,0,0,0,0,0,53.94
0,0,55.56,53.84,56.58,0.0434,53.92,0,0,0,0,0,0,0,56.26
0,0,56.6,55.75,57.76,0.0062556,55.95,0,0,0,0,0,0,0,56.3
0,0,56.1,54.83,56.95,0.0058729,56.19,0,0,0,0,0,0,0,56.52
0,0,0.0,0.0,0.0,0.0,0.0,0,0,0,0,0,0,0,
0,0,0.0,0.0,0.0,0.0,0.0,0,0,0,0,0,0,0,
0,0,57.53,56.58,58.16,0.0185,56.8,0,0,0,0,0,0,0,57.85
0,0,57.79,57.2,58.76,-0.0109,58.03,0,0,0,0,0,0,0,57.4
0,0,56.55,55.61,58.3,-0.037,57.89,0,0,0,0,0,0,0,55.75
0,0,55.14,54.0,56.34,-0.015,55.93,0,0,0,0,0,0,0,55.09
0,0,54.99,54.44,55.68,-0.0054397,55.15,0,0,0,0,0,0,0,54.85
0,0,0.0,0.0,0.0,0.0,0.0,0,0,0,0,0,0,0,
0,0,0.0,0.0,0.0,0.0,0.0,0,0,0,0,0,0,0,
0,0,61.68,58.77,63.38,0.0231,61.48,0,0,0,0,0,0,0,62.9
0,0,60.13,58.46,62.59,-0.0423,61.96,0,0,0,0,0,0,0,59.34
0,0,58.4,57.67,59.43,-0.0119,58.81,0,0,0,0,0,0,0,58.11
0,0,58.56,58.01,59.54,-0.0012027,58.2,0,0,0,0,0,0,0,58.13
0,0,58.33,57.79,59.1,-0.0095482,58.65,0,0,0,0,0,0,0,58.09
0,0,0.0,0.0,0.0,0.0,0.0,0,0,0,0,0,0,0,
0,0,0.0,0.0,0.0,0.0,0.0,0,0,0,0,0,0,0,
0,0,58.47,57.37,59.39,-0.0103,59.25,0,0,0,0,0,0,0,58.64
0,0,57.49,56.69,58.49,-0.0197,58.44,0,0,0,0,0,0,0,57.29
0,0,56.35,55.55,57.02,-0.0037037,56.7,0,0,0,0,0,0,0,56.49
0,0,56.22,55.41,56.84,-0.0049391,56.69,0,0,0,0,0,0,0,56.41
0,0,55.81,54.75,56.76,-0.0106,56.51,0,0,0,0,0,0,0,55.91
0,0,0.0,0.0,0.0,0.0,0.0,0,0,0,0,0,0,0,
0,0,0.0,0.0,0.0,0.0,0.0,0,0,0,0,0,0,0,
0,0,54.87,53.98,56.57,-0.0437,56.54,0,0,0,0,0,0,0,54.07
0,0,53.84,53.05,54.84,-0.0122,54.28,0,0,0,0,0,0,0,53.62
0,0,53.08,52.17,54.42,-0.0252,54.0,0,0,0,0,0,0,0,52.64
0,0,52.12,50.99,52.91,-0.0003811702,52.47,0,0,0,0,0,0,0,52.45
0,0,52.73,52.04,53.35,0.0099445,52.29,0,0,0,0,0,0,0,52.81
0,0,0.0,0.0,0.0,0.0,0.0,0,0,0,0,0,0,0,
0,0,0.0,0.0,0.0,0.0,0.0,0,0,0,0,0,0,0,
0,0,53.13,52.59,54.06,0.0011387,52.69,0,0,0,0,0,0,0,52.75
0,0,52.57,51.81,53.27,-0.0034084,52.81,0,0,0,0,0,0,0,52.63
0,0,52.88,52.31,53.74,0.0003804451,52.57,0,0,0,0,0,0,0,52.59
0,0,52.97,51.38,53.97,0.0163,52.69,0,0,0,0,0,0,0,53.55
0,0,54.42,53.64,54.93,0.0152,53.88,0,0,0,0,0,0,0,54.7
0,0,0.0,0.0,0.0,0.0,0.0,0,0,0,0,0,0,0,
0,0,0.0,0.0,0.0,0.0,0.0,0,0,0,0,0,0,0,
0,0,53.75,52.77,54.9,-0.0239,54.9,0,0,0,0,0,0,0,53.59
0,0,53.0,52.39,53.79,-0.0131,53.51,0,0,0,0,0,0,0,52.81
0,0,53.21,52.52,53.74,0.0083144,52.92,0,0,0,0,0,0,0,53.36
0,0,53.57,52.62,54.16,0.0177,52.99,0,0,0,0,0,0,0,53.93
0,0,53.92,53.35,54.62,-0.0057312,54.09,0,0,0,0,0,0,0,53.78
0,0,0.0,0.0,0.0,0.0,0.0,0,0,0,0,0,0,0,
0,0,0.0,0.0,0.0,0.0,0.0,0,0,0,0,0,0,0,
0,0,53.35,52.71,54.03,-0.0074474,53.71,0,0,0,0,0,0,0,53.31
0,0,53.96,53.1,54.62,0.0144,53.39,0,0,0,0,0,0,0,54.16
0,0,55.22,53.62,56.07,0.0308,54.3,0,0,0,0,0,0,0,55.97
0,0,56.05,55.41,56.51,0.0059034,55.9,0,0,0,0,0,0,0,56.23
0,0,56.33,55.6,56.74,0.0105,56.07,0,0,0,0,0,0,0,56.66
0,0,0.0,0.0,0.0,0.0,0.0,0,0,0,0,0,0,0,
0,0,0.0,0.0,0.0,0.0,0.0,0,0,0,0,0,0,0,
0,0,56.1,55.58,56.92,-0.0148,56.65,0,0,0,0,0,0,0,55.81
0,0,55.35,54.61,55.91,-0.0046595,55.8,0,0,0,0,0,0,0,55.54
0,0,55.07,54.42,55.73,-0.0084639,55.53,0,0,0,0,0,0,0,55.06
0,0,54.49,53.71,55.59,-0.0131,54.9,0,0,0,0,0,0,0,54.18
0,0,55.53,54.07,56.33,0.0379,54.15,0,0,0,0,0,0,0,56.2
0,0,0.0,0.0,0.0,0.0,0.0,0,0,0,0,0,0,0,
0,0,0.0,0.0,0.0,0.0,0.0,0,0,0,0,0,0,0,
0,0,56.6,55.83,57.43,0.0023046,56.41,0,0,0,0,0,0,0,56.54
0,0,57.01,56.3,57.5,0.0118,56.56,0,0,0,0,0,0,0,57.23
0,0,56.77,56.11,57.85,-0.0159,57.26,0,0,0,0,0,0,0,56.35
0,0,57.1,56.27,57.88,0.0142,56.35,0,0,0,0,0,0,0,57.15
0,0,56.83,55.76,57.48,0.0028031,57.08,0,0,0,0,0,0,0,57.24
0,0,0.0,0.0,0.0,0.0,0.0,0,0,0,0,0,0,0,
0,0,0.0,0.0,0.0,0.0,0.0,0,0,0,0,0,0,0,
0,0,56.84,56.25,57.4,-0.0094077,57.4,0,0,0,0,0,0,0,56.86
0,0,56.96,56.54,57.55,-0.001582,56.89,0,0,0,0,0,0,0,56.8
0,0,56.95,56.2,57.53,0.0058109,56.79,0,0,0,0,0,0,0,57.12
0,0,57.06,56.63,57.79,-0.0108,57.39,0,0,0,0,0,0,0,56.77
0,0,57.37,56.43,57.97,0.0142,56.91,0,0,0,0,0,0,0,57.72
0,0,0.0,0.0,0.0,0.0,0.0,0,0,0,0,0,0,0,
0,0,0.0,0.0,0.0,0.0,0.0,0,0,0,0,0,0,0,
0,0,57.23,56.55,58.09,-0.0143,57.88,0,0,0,0,0,0,0,57.05
0,0,55.79,55.04,57.11,-0.0297,56.9,0,0,0,0,0,0,0,55.21
0,0,56.37,54.76,57.25,0.0354,55.16,0,0,0,0,0,0,0,57.11
0,0,57.95,56.6,58.67,0.0277,57.0,0,0,0,0,0,0,0,58.58
0,0,58.0,57.5,58.74,-0.0092608,58.31,0,0,0,0,0,0,0,57.77
0,0,0.0,0.0,0.0,0.0,0.0,0,0,0,0,0,0,0,
0,0,0.0,0.0,0.0,0.0,0.0,0,0,0,0,0,0,0,
0,0,57.79,57.21,58.15,0.0015539,57.92,0,0,0,0,0,0,0,58.01
0,0,58.24,57.76,58.56,0.0084599,57.92,0,0,0,0,0,0,0,58.41
0,0,58.1,57.51,58.68,-0.0027458,58.27,0,0,0,0,0,0,0,58.11
0,0,0.0,0.0,0.0,0.0,0.0,0,0,0,0,0,0,0,
0,0,56.16,55.02,58.3,-0.0509,58.13,0,0,0,0,0,0,0,55.17
0,0,0.0,0.0,0.0,0.0,0.0,0,0,0,0,0,0,0,
0,0,0.0,0.0,0.0,0.0,0.0,0,0,0,0,0,0,0,
0,0,56.02,55.42,56.67,0.0088336,55.47,0,0,0,0,0,0,0,55.96
0,0,56.08,55.35,56.8,0.0025018,55.96,0,0,0,0,0,0,0,56.1
0,0,57.79,56.28,58.66,0.0354,56.43,0,0,0,0,0,0,0,58.43
0,0,58.55,58.1,59.12,0.0011995,58.36,0,0,0,0,0,0,0,58.43
0,0,58.92,57.7,59.85,0.0151,58.32,0,0,0,0,0,0,0,59.2
0,0,0.0,0.0,0.0,0.0,0.0,0,0,0,0,0,0,0,
0,0,0.0,0.0,0.0,0.0,0.0,0,0,0,0,0,0,0,
0,0,58.83,58.23,59.25,-0.0015226,59.11,0,0,0,0,0,0,0,59.02
0,0,59.09,58.52,59.52,0.0054311,58.92,0,0,0,0,0,0,0,59.24
0,0,58.7,58.11,59.22,-0.0050796,59.06,0,0,0,0,0,0,0,58.76
0,0,59.22,58.75,59.72,0.0050951,58.88,0,0,0,0,0,0,0,59.18
0,0,59.94,59.27,60.48,0.012,59.36,0,0,0,0,0,0,0,60.07
0,0,0.0,0.0,0.0,0.0,0.0,0,0,0,0,0,0,0,
0,0,0.0,0.0,0.0,0.0,0.0,0,0,0,0,0,0,0,
0,0,60.09,59.71,60.34,0.005679,59.87,0,0,0,0,0,0,0,60.21
0,0,60.68,60.03,61.06,0.0118,60.23,0,0,0,0,0,0,0,60.94
0,0,60.81,60.32,61.18,0.0062758,60.55,0,0,0,0,0,0,0,60.93
0,0,61.16,60.79,61.47,0.0059152,60.86,0,0,0,0,0,0,0,61.22
0,0,60.55,60.02,61.2,-0.011,61.11,0,0,0,0,0,0,0,60.44
0,0,0.0,0.0,0.0,0.0,0.0,0,0,0,0,0,0,0,
0,0,0.0,0.0,0.0,0.0,0.0,0,0,0,0,0,0,0,
0,0,60.46,60.1,60.77,0.0018209,60.41,0,0,0,0,0,0,0,60.52
0,0,60.91,60.47,61.16,0.0079169,60.63,0,0,0,0,0,0,0,61.11
0,0,0.0,0.0,0.0,0.0,0.0,0,0,0,0,0,0,0,
0,0,61.52,61.06,61.83,0.0078431,61.2,0,0,0,0,0,0,0,61.68
0,0,61.64,61.24,61.97,-0.0001619958,61.73,0,0,0,0,0,0,0,61.72
0,0,0.0,0.0,0.0,0.0,0.0,0,0,0,0,0,0,0,
0,0,0.0,0.0,0.0,0.0,0.0,0,0,0,0,0,0,0,
0,0,61.7,61.09,62.34,-0.0004861449,61.71,0,0,0,0,0,0,0,61.68
0,0,61.19,60.63,61.88,-0.0101,61.68,0,0,0,0,0,0,0,61.06
0,0,0.0,0.0,0.0,0.0,0.0,0,0,0,0,0,0,0,
0,0,61.14,60.64,61.6,-0.0068182,61.6,0,0,0,0,0,0,0,61.18
0,0,62.76,61.13,64.09,0.0306,61.18,0,0,0,0,0,0,0,63.05
0,0,0.0,0.0,0.0,0.0,0.0,0,0,0,0,0,0,0,
0,0,0.0,0.0,0.0,0.0,0.0,0,0,0,0,0,0,0,
0,0,63.54,62.64,64.72,-0.0069063,63.71,0,0,0,0,0,0,0,63.27
0,0,62.65,62.11,63.15,-0.0033381,62.91,0,0,0,0,0,0,0,62.7
0,0,61.47,59.15,65.65,-0.0514,62.84,0,0,0,0,0,0,0,59.61
0,0,59.51,58.66,60.31,-0.0071679,59.99,0,0,0,0,0,0,0,59.56
0,0,59.22,58.85,59.78,-0.0095622,59.61,0,0,0,0,0,0,0,59.04
0,0,0.0,0.0,0.0,0.0,0.0,0,0,0,0,0,0,0,
0,0,0.0,0.0,0.0,0.0,0.0,0,0,0,0,0,0,0,
0,0,58.42,57.91,59.27,-0.0163,59.04,0,0,0,0,0,0,0,58.08
0,0,58.22,57.72,58.72,0.0034465,58.03,0,0,0,0,0,0,0,58.23
0,0,57.84,57.36,58.36,-0.006701,58.2,0,0,0,0,0,0,0,57.81
0,0,58.32,57.56,58.87,0.0072289,58.1,0,0,0,0,0,0,0,58.52
0,0,58.6,58.27,58.98,-0.000853388,58.59,0,0,0,0,0,0,0,58.54
0,0,0.0,0.0,0.0,0.0,0.0,0,0,0,0,0,0,0,
0,0,0.0,0.0,0.0,0.0,0.0,0,0,0,0,0,0,0,
0,0,0.0,0.0,0.0,0.0,0.0,0,0,0,0,0,0,0,
0,0,58.58,57.68,59.73,-0.014,59.17,0,0,0,0,0,0,0,58.34
0,0,57.05,56.03,58.38,-0.0261,58.26,0,0,0,0,0,0,0,56.74
0,0,55.54,54.77,56.27,-0.0092675,56.11,0,0,0,0,0,0,0,55.59
0,0,54.66,53.85,55.95,-0.0269,55.69,0,0,0,0,0,0,0,54.19
0,0,0.0,0.0,0.0,0.0,0.0,0,0,0,0,0,0,0,
0,0,0.0,0.0,0.0,0.0,0.0,0,0,0,0,0,0,0,
0,0,52.99,52.13,53.71,-0.0104,53.7,0,0,0,0,0,0,0,53.14
0,0,53.41,52.68,54.06,0.0135,52.77,0,0,0,0,0,0,0,53.48
0,0,53.5,52.81,54.37,-0.0119,53.97,0,0,0,0,0,0,0,53.33
0,0,52.33,51.66,53.2,-0.0179,53.09,0,0,0,0,0,0,0,52.14
0,0,51.96,50.97,53.36,-0.0257,52.92,0,0,0,0,0,0,0,51.56
0,0,0.0,0.0,0.0,0.0,0.0,0,0,0,0,0,0,0,
0,0,0.0,0.0,0.0,0.0,0.0,0,0,0,0,0,0,0,
0,0,50.63,49.8,51.97,-0.0176,51.01,0,0,0,0,0,0,0,50.11
0,0,50.16,49.31,51.55,-0.0066079,49.94,0,0,0,0,0,0,0,49.61
0,0,50.7,49.47,51.88,0.025,49.51,0,0,0,0,0,0,0,50.75
0,0,51.13,50.24,52.2,-0.0042994,51.17,0,0,0,0,0,0,0,50.95
0,0,50.63,50.09,51.48,-0.0155,51.11,0,0,0,0,0,0,0,50.32
0,0,0.0,0.0,0.0,0.0,0.0,0,0,0,0,0,0,0,
0,0,0.0,0.0,0.0,0.0,0.0,0,0,0,0,0,0,0,
0,0,49.83,49.42,50.49,-0.011,50.12,0,0,0,0,0,0,0,49.57
0,0,50.07,49.58,50.69,0.0066519,49.61,0,0,0,0,0,0,0,49.94
0,0,50.95,49.95,51.73,0.0242,49.96,0,0,0,0,0,0,0,51.17
0,0,51.33,50.6,51.96,-0.0058005,51.72,0,0,0,0,0,0,0,51.42
0,0,51.9,51.32,52.34,0.0105,51.51,0,0,0,0,0,0,0,52.05
0,0,0.0,0.0,0.0,0.0,0.0,0,0,0,0,0,0,0,
0,0,0.0,0.0,0.0,0.0,0.0,0,0,0,0,0,0,0,
0,0,0.0,0.0,0.0,0.0,0.0,0,0,0,0,0,0,0,
0,0,51.78,50.88,52.41,-0.0034463,52.23,0,0,0,0,0,0,0,52.05
0,0,52.96,51.93,53.66,0.0224,52.12,0,0,0,0,0,0,0,53.29
0,0,53.83,53.22,54.5,0.0052336,53.5,0,0,0,0,0,0,0,53.78
0,0,53.26,52.55,53.86,-0.0066989,53.74,0,0,0,0,0,0,0,53.38
0,0,0.0,0.0,0.0,0.0,0.0,0,0,0,0,0,0,0,
0,0,0.0,0.0,0.0,0.0,0.0,0,0,0,0,0,0,0,
0,0,51.51,50.45,52.64,-0.0222,52.6,0,0,0,0,0,0,0,51.43
0,0,50.54,49.69,52.02,-0.0286,51.37,0,0,0,0,0,0,0,49.9
0,0,49.16,48.3,50.44,-0.027,50.08,0,0,0,0,0,0,0,48.73
0,0,47.25,45.88,48.78,-0.0317,48.63,0,0,0,0,0,0,0,47.09
0,0,45.21,43.85,47.03,-0.0372,46.49,0,0,0,0,0,0,0,44.76
0,0,0.0,0.0,0.0,0.0,0.0,0,0,0,0,0,0,0,
0,0,0.0,0.0,0.0,0.0,0.0,0,0,0,0,0,0,0,
0,0,45.88,43.32,47.56,0.0698,43.7,0,0,0,0,0,0,0,46.75
0,0,47.44,46.47,48.66,-0.0113,47.72,0,0,0,0,0,0,0,47.18
0,0,47.28,46.65,48.41,-0.0034086,46.94,0,0,0,0,0,0,0,46.78
0,0,46.37,45.65,47.57,-0.0261,47.13,0,0,0,0,0,0,0,45.9
0,0,42.9,41.05,46.38,-0.1044,46.09,0,0,0,0,0,0,0,41.28
0,0,0.0,0.0,0.0,0.0,0.0,0,0,0,0,0,0,0,
0,0,0.0,0.0,0.0,0.0,0.0,0,0,0,0,0,0,0,
0,0,31.12,27.34,34.88,-0.0529,32.87,0,0,0,0,0,0,0,31.13
0,0,33.19,30.2,35.02,0.1314,30.37,0,0,0,0,0,0,0,34.36
0,0,33.96,32.56,36.35,-0.0474,34.62,0,0,0,0,0,0,0,32.98
0,0,31.72,30.02,33.63,-0.0475,33.07,0,0,0,0,0,0,0,31.5
0,0,31.98,30.33,33.87,0.0312,30.77,0,0,0,0,0,0,0,31.73
0,0,0.0,0.0,0.0,0.0,0.0,0,0,0,0,0,0,0,
0,0,0.0,0.0,0.0,0.0,0.0,0,0,0,0,0,0,0,
0,0,30.18,28.1,33.75,-0.1496,33.75,0,0,0,0,0,0,0,28.7
0,0,27.96,26.63,30.3,-0.0606,28.69,0,0,0,0,0,0,0,26.95
0,0,22.55,20.06,27.22,-0.2439,26.94,0,0,0,0,0,0,0,20.37
0,0,24.76,21.36,27.71,0.1309,22.3,0,0,0,0,0,0,0,25.22
0,0,23.26,19.46,27.89,-0.093,24.73,0,0,0,0,0,0,0,22.43
0,0,0.0,0.0,0.0,0.0,0.0,0,0,0,0,0,0,0,
0,0,0.0,0.0,0.0,0.0,0.0,0,0,0,0,0,0,0,
0,0,22.74,20.8,24.07,0.0373,22.52,0,0,0,0,0,0,0,23.36
0,0,24.09,23.09,25.16,0.0058651,23.87,0,0,0,0,0,0,0,24.01
0,0,24.21,22.91,25.24,0.0049241,24.37,0,0,0,0,0,0,0,24.49
0,0,23.21,22.38,24.65,-0.068,24.25,0,0,0,0,0,0,0,22.6
0,0,21.94,20.88,23.44,-0.0764,23.29,0,0,0,0,0,0,0,21.51
0,0,0.0,0.0,0.0,0.0,0.0,0,0,0,0,0,0,0,
0,0,0.0,0.0,0.0,0.0,0.0,0,0,0,0,0,0,0,
0,0,20.1,19.27,20.93,-0.0401,20.93,0,0,0,0,0,0,0,20.09
0,0,20.79,20.01,21.89,0.0124,20.23,0,0,0,0,0,0,0,20.48
0,0,20.59,19.9,21.55,0.0104,20.1,0,0,0,0,0,0,0,20.31
0,0,24.49,20.76,27.39,0.1932,21.22,0,0,0,0,0,0,0,25.32
0,0,27.0,23.52,29.13,0.1423,24.81,0,0,0,0,0,0,0,28.34
0,0,0.0,0.0,0.0,0.0,0.0,0,0,0,0,0,0,0,
0,0,0.0,0.0,0.0,0.0,0.0,0,0,0,0,0,0,0,
0,0,26.53,25.28,28.24,-0.0003832886,26.09,0,0,0,0,0,0,0,26.08
0,0,24.8,23.54,27.24,-0.1029,26.34,0,0,0,0,0,0,0,23.63
0,0,25.09,23.74,26.45,0.0325,24.3,0,0,0,0,0,0,0,25.09
0,0,24.56,22.57,28.36,-0.1339,26.28,0,0,0,0,0,0,0,22.76
0,0,0.0,0.0,0.0,0.0,0.0,0,0,0,0,0,0,0,
0,0,0.0,0.0,0.0,0.0,0.0,0,0,0,0,0,0,0,
0,0,0.0,0.0,0.0,0.0,0.0,0,0,0,0,0,0,0,
0,0,23.06,22.03,24.74,-0.089,24.6,0,0,0,0,0,0,0,22.41
0,0,21.05,19.95,23.08,-0.1006,22.36,0,0,0,0,0,0,0,20.11
0,0,19.99,19.2,20.89,-0.041,20.72,0,0,0,0,0,0,0,19.87
0,0,19.94,19.42,20.53,-0.0139,20.15,0,0,0,0,0,0,0,19.87
0,0,18.6,17.31,20.22,-0.0865,20.0,0,0,0,0,0,0,0,18.27
0,0,0.0,0.0,0.0,0.0,0.0,0,0,0,0,0,0,0,
0,0,0.0,0.0,0.0,0.0,0.0,0,0,0,0,0,0,0,
0,0,-20.03,-40.32,17.85,-3.1224,17.73,0,0,0,0,0,0,0,-37.63
0,0,2.38,-16.74,13.86,-1.715,-14.0,0,0,0,0,0,0,0,10.01
0,0,13.41,10.26,16.18,0.0503,13.12,0,0,0,0,0,0,0,13.78
0,0,16.04,13.35,18.26,0.162,14.2,0,0,0,0,0,0,0,16.5
0,0,16.85,15.64,17.97,0.0095352,16.78,0,0,0,0,0,0,0,16.94
0,0,0.0,0.0,0.0,0.0,0.0,0,0,0,0,0,0,0,
0,0,0.0,0.0,0.0,0.0,0.0,0,0,0,0,0,0,0,
0,0,13.88,11.88,16.98,-0.2411,16.84,0,0,0,0,0,0,0,12.78
0,0,12.03,10.07,13.69,-0.0478,12.96,0,0,0,0,0,0,0,12.34
0,0,14.84,12.67,16.78,0.1281,13.35,0,0,0,0,0,0,0,15.06
0,0,17.91,15.45,19.44,0.2046,15.64,0,0,0,0,0,0,0,18.84
0,0,19.44,18.07,20.48,0.0389,19.04,0,0,0,0,0,0,0,19.78
0,0,0.0,0.0,0.0,0.0,0.0,0,0,0,0,0,0,0,
0,0,0.0,0.0,0.0,0.0,0.0,0,0,0,0,0,0,0,
0,0,19.95,18.05,21.42,0.067,19.11,0,0,0,0,0,0,0,20.39
0,0,23.73,21.13,25.49,0.1563,21.24,0,0,0,0,0,0,0,24.56
0,0,24.22,22.58,26.08,-0.06,25.52,0,0,0,0,0,0,0,23.99
0,0,24.41,22.94,26.74,-0.0224,24.09,0,0,0,0,0,0,0,23.55
0,0,24.33,23.26,24.99,0.0595,23.35,0,0,0,0,0,0,0,24.74
0,0,0.0,0.0,0.0,0.0,0.0,0,0,0,0,0,0,0,
0,0,0.0,0.0,0.0,0.0,0.0,0,0,0,0,0,0,0,
0,0,24.46,23.67,25.58,-0.0143,24.49,0,0,0,0,0,0,0,24.14
0,0,25.41,24.22,26.23,0.0527,24.49,0,0,0,0,0,0,0,25.78
0,0,25.51,24.79,26.45,-0.0003952569,25.3,0,0,0,0,0,0,0,25.29
0,0,26.9,25.18,27.96,0.0782,25.56,0,0,0,0,0,0,0,27.56
0,0,28.86,27.24,29.92,0.0648,27.64,0,0,0,0,0,0,0,29.43
0,0,0.0,0.0,0.0,0.0,0.0,0,0,0,0,0,0,0,
0,0,0.0,0.0,0.0,0.0,0.0,0,0,0,0,0,0,0,
0,0,31.56,29.53,33.32,0.0775,29.53,0,0,0,0,0,0,0,31.82
0,0,32.43,31.34,33.44,-0.0101,32.83,0,0,0,0,0,0,0,32.5
0,0,32.94,31.56,33.78,0.0502,31.89,0,0,0,0,0,0,0,33.49
0,0,33.95,33.26,34.66,0.0116,33.53,0,0,0,0,0,0,0,33.92
0,0,32.66,30.72,34.0,-0.0206,33.95,0,0,0,0,0,0,0,33.25
0,0,0.0,0.0,0.0,0.0,0.0,0,0,0,0,0,0,0,
0,0,0.0,0.0,0.0,0.0,0.0,0,0,0,0,0,0,0,
0,0,0.0,0.0,0.0,0.0,0.0,0,0,0,0,0,0,0,
0,0,33.88,32.48,34.81,0.0315,33.3,0,0,0,0,0,0,0,34.35
0,0,32.96,31.75,34.32,-0.039,34.14,0,0,0,0,0,0,0,32.81
0,0,33.02,31.14,34.21,0.0502,32.1,0,0,0,0,0,0,0,33.71
0,0,34.54,32.36,35.77,0.0537,33.68,0,0,0,0,0,0,0,35.49
0,0,0.0,0.0,0.0,0.0,0.0,0,0,0,0,0,0,0,
0,0,0.0,0.0,0.0,0.0,0.0,0,0,0,0,0,0,0,
0,0,35.2,34.27,35.9,0.0065322,35.21,0,0,0,0,0,0,0,35.44
0,0,36.38,35.28,37.06,0.0352,35.56,0,0,0,0,0,0,0,36.81
0,0,37.12,35.88,38.18,0.0117,36.86,0,0,0,0,0,0,0,37.29
0,0,37.14,36.38,37.62,0.0177,36.76,0,0,0,0,0,0,0,37.41
0,0,38.76,37.05,39.68,0.0595,37.33,0,0,0,0,0,0,0,39.55
0,0,0.0,0.0,0.0,0.0,0.0,0,0,0,0,0,0,0,
0,0,0.0,0.0,0.0,0.0,0.0,0,0,0,0,0,0,0,
0,0,38.86,37.96,40.44,-0.031,39.41,0,0,0,0,0,0,0,38.19
0,0,38.37,37.07,39.1,0.0188,38.22,0,0,0,0,0,0,0,38.94
0,0,39.08,37.73,39.91,0.0286,38.5,0,0,0,0,0,0,0,39.6
0,0,36.95,35.41,39.09,-0.0704,39.09,0,0,0,0,0,0,0,36.34
0,0,35.91,34.48,36.99,0.0,36.26,0,0,0,0,0,0,0,36.26
0,0,0.0,0.0,0.0,0.0,0.0,0,0,0,0,0,0,0,
0,0,0.0,0.0,0.0,0.0,0.0,0,0,0,0,0,0,0,
0,0,36.25,34.36,37.26,0.0303,36.03,0,0,0,0,0,0,0,37.12
0,0,37.94,36.38,39.06,0.0359,37.05,0,0,0,0,0,0,0,38.38
0,0,37.97,37.21,38.75,0.0007909307,37.93,0,0,0,0,0,0,0,37.96
0,0,38.31,37.11,38.97,0.0291,37.74,0,0,0,0,0,0,0,38.84
0,0,39.55,38.4,40.49,0.0232,38.85,0,0,0,0,0,0,0,39.75
0,0,0.0,0.0,0.0,0.0,0.0,0,0,0,0,0,0,0,
0,0,0.0,0.0,0.0,0.0,0.0,0,0,0,0,0,0,0,
0,0,40.09,39.12,40.7,0.0327,39.18,0,0,0,0,0,0,0,40.46
0,0,40.59,39.76,41.63,-0.0076205,40.68,0,0,0,0,0,0,0,40.37
0,0,38.62,37.31,40.54,-0.0495,39.99,0,0,0,0,0,0,0,38.01
0,0,38.34,37.08,39.23,0.0176,38.05,0,0,0,0,0,0,0,38.72
0,0,38.54,37.79,39.35,-0.0153,39.09,0,0,0,0,0,0,0,38.49
0,0,0.0,0.0,0.0,0.0,0.0,0,0,0,0,0,0,0,
0,0,0.0,0.0,0.0,0.0,0.0,0,0,0,0,0,0,0,
0,0,39.03,37.5,39.89,0.0458,37.96,0,0,0,0,0,0,0,39.7
0,0,39.4,38.85,40.08,-0.009334,39.64,0,0,0,0,0,0,0,39.27
0,0,39.82,39.05,40.58,-0.000502008,39.84,0,0,0,0,0,0,0,39.82
0,0,40.28,39.46,40.74,0.0219,39.78,0,0,0,0,0,0,0,40.65
0,0,0.0,0.0,0.0,0.0,0.0,0,0,0,0,0,0,0,
0,0,0.0,0.0,0.0,0.0,0.0,0,0,0,0,0,0,0,
0,0,0.0,0.0,0.0,0.0,0.0,0,0,0,0,0,0,0,
0,0,40.52,39.84,41.08,0.0061912,40.38,0,0,0,0,0,0,0,40.63
0,0,40.49,39.9,40.95,-0.0014749,40.68,0,0,0,0,0,0,0,40.62
0,0,40.76,40.3,41.08,0.0104,40.48,0,0,0,0,0,0,0,40.9
0,0,39.96,39.27,40.99,-0.0306,40.87,0,0,0,0,0,0,0,39.62
0,0,39.95,38.54,40.77,0.0245,39.58,0,0,0,0,0,0,0,40.55
0,0,0.0,0.0,0.0,0.0,0.0,0,0,0,0,0,0,0,
0,0,0.0,0.0,0.0,0.0,0.0,0,0,0,0,0,0,0,
0,0,40.1,39.47,40.72,-0.0061958,40.35,0,0,0,0,0,0,0,40.1
0,0,39.98,39.07,40.57,0.0174,39.6,0,0,0,0,0,0,0,40.29
0,0,40.85,40.08,41.26,0.016,40.55,0,0,0,0,0,0,0,41.2
0,0,40.82,40.52,41.18,-0.0053698,40.97,0,0,0,0,0,0,0,40.75
0,0,40.5,40.02,40.9,-0.0031925,40.72,0,0,0,0,0,0,0,40.59
0,0,0.0,0.0,0.0,0.0,0.0,0,0,0,0,0,0,0,
0,0,0.0,0.0,0.0,0.0,0.0,0,0,0,0,0,0,0,
0,0,40.52,39.83,40.91,0.0041831,40.64,0,0,0,0,0,0,0,40.81
0,0,41.67,40.64,42.4,0.0322,40.65,0,0,0,0,0,0,0,41.96
0,0,41.69,41.14,42.03,0.0086663,41.54,0,0,0,0,0,0,0,41.9
0,0,41.42,40.83,42.36,-0.021,41.95,0,0,0,0,0,0,0,41.07
0,0,41.21,40.66,41.67,0.0056016,41.06,0,0,0,0,0,0,0,41.29
0,0,0.0,0.0,0.0,0.0,0.0,0,0,0,0,0,0,0,
0,0,0.0,0.0,0.0,0.0,0.0,0,0,0,0,0,0,0,
0,0,41.3,40.48,41.82,0.0082404,41.26,0,0,0,0,0,0,0,41.6
0,0,41.27,40.85,41.93,-0.0146,41.65,0,0,0,0,0,0,0,41.04
0,0,41.26,40.93,41.57,0.0034038,41.13,0,0,0,0,0,0,0,41.27
0,0,40.01,38.72,41.39,-0.0339,41.32,0,0,0,0,0,0,0,39.92
0,0,40.16,39.66,40.55,-0.0017353,40.34,0,0,0,0,0,0,0,40.27
0,0,0.0,0.0,0.0,0.0,0.0,0,0,0,0,0,0,0,
0,0,0.0,0.0,0.0,0.0,0.0,0,0,0,0,0,0,0,
0,0,40.61,39.58,41.24,0.0154,40.39,0,0,0,0,0,0,0,41.01
0,0,41.31,40.14,42.08,0.0226,40.78,0,0,0,0,0,0,0,41.7
0,0,42.39,41.47,43.52,0.0152,41.56,0,0,0,0,0,0,0,42.19
0,0,42.07,41.61,42.65,-0.0056886,42.19,0,0,0,0,0,0,0,41.95
0,0,41.5,41.06,42.22,-0.0179,41.97,0,0,0,0,0,0,0,41.22
0,0,0.0,0.0,0.0,0.0,0.0,0,0,0,0,0,0,0,
0,0,0.0,0.0,0.0,0.0,0.0,0,0,0,0,0,0,0,
0,0,41.81,41.17,42.33,0.0106,41.5,0,0,0,0,0,0,0,41.94
0,0,42.01,41.48,42.94,-0.0088137,41.98,0,0,0,0,0,0,0,41.61
0,0,42.37,41.53,42.9,0.0252,41.62,0,0,0,0,0,0,0,42.67
0,0,42.39,42.09,42.84,-0.0077519,42.57,0,0,0,0,0,0,0,42.24
0,0,42.07,41.62,42.57,-0.0075597,42.33,0,0,0,0,0,0,0,42.01
0,0,0.0,0.0,0.0,0.0,0.0,0,0,0,0,0,0,0,
0,0,0.0,0.0,0.0,0.0,0.0,0,0,0,0,0,0,0,
0,0,42.55,41.8,42.97,0.0154,42.24,0,0,0,0,0,0,0,42.89
0,0,42.66,42.11,42.99,0.002337,42.79,0,0,0,0,0,0,0,42.89
0,0,42.77,42.36,43.03,0.0077465,42.6,0,0,0,0,0,0,0,42.93
0,0,42.29,41.5,42.79,-0.0037436,42.74,0,0,0,0,0,0,0,42.58
0,0,42.25,41.46,42.96,-0.0095906,42.75,0,0,0,0,0,0,0,42.34
0,0,0.0,0.0,0.0,0.0,0.0,0,0,0,0,0,0,0,
0,0,0.0,0.0,0.0,0.0,0.0,0,0,0,0,0,0,0,
0,0,42.58,42.23,42.89,0.0032957,42.48,0,0,0,0,0,0,0,42.62
0,0,43.08,42.31,43.57,0.0234,42.36,0,0,0,0,0,0,0,43.35
0,0,43.39,43.0,43.78,0.0,43.39,0,0,0,0,0,0,0,43.39
0,0,42.97,42.36,43.5,-0.0094361,43.45,0,0,0,0,0,0,0,43.04
0,0,43.03,42.69,43.42,-0.0002326664,42.98,0,0,0,0,0,0,0,42.97
0,0,0.0,0.0,0.0,0.0,0.0,0,0,0,0,0,0,0,
0,0,0.0,0.0,0.0,0.0,0.0,0,0,0,0,0,0,0,
0,0,42.91,42.56,43.57,-0.0069914,42.91,0,0,0,0,0,0,0,42.61
0,0,42.97,42.72,43.43,-0.0016344,42.83,0,0,0,0,0,0,0,42.76
0,0,41.98,41.23,43.21,-0.0351,43.02,0,0,0,0,0,0,0,41.51
0,0,41.13,40.22,41.79,-0.0062455,41.63,0,0,0,0,0,0,0,41.37
0,0,40.33,39.35,41.87,-0.0359,41.25,0,0,0,0,0,0,0,39.77
0,0,0.0,0.0,0.0,0.0,0.0,0,0,0,0,0,0,0,
0,0,0.0,0.0,0.0,0.0,0.0,0,0,0,0,0,0,0,
0,0,0.0,0.0,0.0,0.0,0.0,0,0,0,0,0,0,0,
0,0,37.49,36.13,39.59,-0.0689,39.48,0,0,0,0,0,0,0,36.76
0,0,37.55,36.16,38.45,0.0342,36.79,0,0,0,0,0,0,0,38.05
0,0,37.47,36.93,38.18,-0.0132,37.8,0,0,0,0,0,0,0,37.3
0,0,37.27,36.67,37.82,0.0086463,37.01,0,0,0,0,0,0,0,37.33
0,0,0.0,0.0,0.0,0.0,0.0,0,0,0,0,0,0,0,
0,0,0.0,0.0,0.0,0.0,0.0,0,0,0,0,0,0,0,
0,0,37.25,36.82,37.68,-0.0016077,37.32,0,0,0,0,0,0,0,37.26
0,0,37.97,37.06,38.57,0.0268,37.28,0,0,0,0,0,0,0,38.28
0,0,39.62,38.35,40.34,0.0472,38.35,0,0,0,0,0,0,0,40.16
0,0,40.54,39.42,41.22,0.0194,40.19,0,0,0,0,0,0,0,40.97
0,0,40.97,40.3,41.49,0.0034171,40.97,0,0,0,0,0,0,0,41.11
0,0,0.0,0.0,0.0,0.0,0.0,0,0,0,0,0,0,0,
0,0,0.0,0.0,0.0,0.0,0.0,0,0,0,0,0,0,0,
0,0,39.75,38.66,41.27,-0.0408,40.98,0,0,0,0,0,0,0,39.31
0,0,39.54,39.0,40.02,-0.0007570023,39.63,0,0,0,0,0,0,0,39.6
0,0,39.98,39.26,40.75,0.0042757,39.76,0,0,0,0,0,0,0,39.93
0,0,39.93,39.12,40.37,0.0179,39.6,0,0,0,0,0,0,0,40.31
0,0,40.2,39.71,40.64,0.0024907,40.15,0,0,0,0,0,0,0,40.25
0,0,0.0,0.0,0.0,0.0,0.0,0,0,0,0,0,0,0,
0,0,0.0,0.0,0.0,0.0,0.0,0,0,0,0,0,0,0,
0,0,40.39,39.78,40.8,0.0132,40.07,0,0,0,0,0,0,0,40.6
0,0,39.47,38.41,40.7,-0.0318,40.58,0,0,0,0,0,0,0,39.29
0,0,39.76,38.68,40.37,0.0271,39.16,0,0,0,0,0,0,0,40.22
0,0,38.93,37.61,40.47,-0.0296,39.9,0,0,0,0,0,0,0,38.72
0,0,37.44,36.63,38.65,-0.0402,38.6,0,0,0,0,0,0,0,37.05
0,0,0.0,0.0,0.0,0.0,0.0,0,0,0,0,0,0,0,
0,0,0.0,0.0,0.0,0.0,0.0,0,0,0,0,0,0,0,
0,0,38.65,37.0,39.72,0.06,37.0,0,0,0,0,0,0,0,39.22
0,0,40.21,39.1,40.86,0.0335,39.35,0,0,0,0,0,0,0,40.67
0,0,39.86,39.28,40.35,0.0030128,39.83,0,0,0,0,0,0,0,39.95
0,0,40.76,39.76,41.33,0.03,39.99,0,0,0,0,0,0,0,41.19
0,0,40.82,40.38,41.47,-0.0172,41.31,0,0,0,0,0,0,0,40.6
0,0,0.0,0.0,0.0,0.0,0.0,0,0,0,0,0,0,0,
0,0,0.0,0.0,0.0,0.0,0.0,0,0,0,0,0,0,0,
0,0,39.64,39.04,40.45,-0.024,40.4,0,0,0,0,0,0,0,39.43
0,0,40.03,39.35,40.53,0.0169,39.53,0,0,0,0,0,0,0,40.2
0,0,40.67,39.82,41.16,0.0211,40.19,0,0,0,0,0,0,0,41.04
0,0,40.49,39.22,41.29,-0.0041332,41.13,0,0,0,0,0,0,0,40.96
0,0,40.67,40.08,41.05,0.0,40.88,0,0,0,0,0,0,0,40.88
0,0,0.0,0.0,0.0,0.0,0.0,0,0,0,0,0,0,0,
0,0,0.0,0.0,0.0,0.0,0.0,0,0,0,0,0,0,0,
0,0,40.86,40.54,41.22,0.0034406,40.69,0,0,0,0,0,0,0,40.83
0,0,41.14,40.25,41.7,0.0199,40.65,0,0,0,0,0,0,0,41.46
0,0,40.47,39.78,41.59,-0.0289,41.22,0,0,0,0,0,0,0,40.03
0,0,40.46,39.71,41.02,0.015,40.04,0,0,0,0,0,0,0,40.64
0,0,40.11,39.57,40.92,-0.0187,40.61,0,0,0,0,0,0,0,39.85
0,0,0.0,0.0,0.0,0.0,0.0,0,0,0,0,0,0,0,
0,0,0.0,0.0,0.0,0.0,0.0,0,0,0,0,0,0,0,
0,0,38.86,38.28,39.74,-0.0285,39.69,0,0,0,0,0,0,0,38.56
0,0,39.3,38.51,39.83,0.0254,38.59,0,0,0,0,0,0,0,39.57
0,0,37.79,36.97,39.01,-0.0405,38.97,0,0,0,0,0,0,0,37.39
0,0,36.28,34.92,37.76,-0.0326,37.39,0,0,0,0,0,0,0,36.17
0,0,35.87,35.21,36.6,-0.0077627,36.07,0,0,0,0,0,0,0,35.79
0,0,0.0,0.0,0.0,0.0,0.0,0,0,0,0,0,0,0,
0,0,0.0,0.0,0.0,0.0,0.0,0,0,0,0,0,0,0,
0,0,35.87,33.64,37.15,0.0446,35.24,0,0,0,0,0,0,0,36.81
0,0,37.52,36.57,38.32,0.017,37.03,0,0,0,0,0,0,0,37.66
0,0,38.55,37.26,39.25,0.0262,38.15,0,0,0,0,0,0,0,39.15
0,0,38.8,38.27,39.35,-0.0097013,39.17,0,0,0,0,0,0,0,38.79
0,0,37.6,37.06,38.61,-0.0363,38.54,0,0,0,0,0,0,0,37.14
0,0,0.0,0.0,0.0,0.0,0.0,0,0,0,0,0,0,0,
0,0,0.0,0.0,0.0,0.0,0.0,0,0,0,0,0,0,0,
0,0,39.59,37.16,41.33,0.079,37.34,0,0,0,0,0,0,0,40.29
0,0,40.87,39.41,41.84,0.0363,39.91,0,0,0,0,0,0,0,41.36
0,0,41.94,41.32,43.06,-0.0081359,41.79,0,0,0,0,0,0,0,41.45
0,0,41.39,40.87,42.19,-0.0084398,41.47,0,0,0,0,0,0,0,41.12
0,0,40.38,40.06,40.94,-0.0198,40.94,0,0,0,0,0,0,0,40.13
0,0,0.0,0.0,0.0,0.0,0.0,0,0,0,0,0,0,0,
0,0,0.0,0.0,0.0,0.0,0.0,0,0,0,0,0,0,0,
0,0,41.19,40.15,42.09,0.0291,40.17,0,0,0,0,0,0,0,41.34
0,0,41.23,40.57,41.69,-0.0002413127,41.44,0,0,0,0,0,0,0,41.43
0,0,41.79,41.08,42.46,0.0114,41.35,0,0,0,0,0,0,0,41.82
0,0,41.6,41.08,41.98,0.0031242,41.61,0,0,0,0,0,0,0,41.74
0,0,41.99,41.51,42.32,0.0108,41.7,0,0,0,0,0,0,0,42.15
0,0,0.0,0.0,0.0,0.0,0.0,0,0,0,0,0,0,0,
0,0,0.0,0.0,0.0,0.0,0.0,0,0,0,0,0,0,0,
0,0,42.9,42.29,43.36,0.0141,42.46,0,0,0,0,0,0,0,43.06
0,0,44.31,42.82,45.2,0.0483,42.84,0,0,0,0,0,0,0,44.91
0,0,45.57,44.73,46.26,0.0199,44.82,0,0,0,0,0,0,0,45.71
0,0,0.0,0.0,0.0,0.0,0.0,0,0,0,0,0,0,0,
0,0,45.39,44.55,46.09,-0.008061,45.9,0,0,0,0,0,0,0,45.53
0,0,0.0,0.0,0.0,0.0,0.0,0,0,0,0,0,0,0,
0,0,0.0,0.0,0.0,0.0,0.0,0,0,0,0,0,0,0,
0,0,45.19,44.42,45.8,0.0,45.34,0,0,0,0,0,0,0,45.34
0,0,44.79,44.12,45.7,-0.0118,45.08,0,0,0,0,0,0,0,44.55
0,0,45.04,43.92,45.92,0.0203,44.38,0,0,0,0,0,0,0,45.28
0,0,45.38,44.66,45.84,0.0144,44.99,0,0,0,0,0,0,0,45.64
0,0,46.18,45.61,46.68,0.0136,45.64,0,0,0,0,0,0,0,46.26
0,0,0.0,0.0,0.0,0.0,0.0,0,0,0,0,0,0,0,
0,0,0.0,0.0,0.0,0.0,0.0,0,0,0,0,0,0,0,
0,0,45.89,45.36,46.54,-0.0084507,46.15,0,0,0,0,0,0,0,45.76
0,0,45.56,45.14,45.93,-0.0013141,45.66,0,0,0,0,0,0,0,45.6
0,0,45.57,44.95,46.24,-0.0017544,45.6,0,0,0,0,0,0,0,45.52
0,0,46.68,45.52,47.74,0.0239,45.69,0,0,0,0,0,0,0,46.78
0,0,46.73,46.34,47.29,-0.0085161,46.97,0,0,0,0,0,0,0,46.57
0,0,0.0,0.0,0.0,0.0,0.0,0,0,0,0,0,0,0,
0,0,0.0,0.0,0.0,0.0,0.0,0,0,0,0,0,0,0,
0,0,46.71,45.69,47.44,0.0055639,46.73,0,0,0,0,0,0,0,46.99
0,0,47.3,46.54,47.73,0.0134,46.99,0,0,0,0,0,0,0,47.62
0,0,47.64,47.17,47.94,0.0046218,47.6,0,0,0,0,0,0,0,47.82
0,0,48.25,47.81,48.59,0.0107,47.85,0,0,0,0,0,0,0,48.36
0,0,48.83,48.1,49.28,0.0138,48.43,0,0,0,0,0,0,0,49.1
0,0,0.0,0.0,0.0,0.0,0.0,0,0,0,0,0,0,0,
0,0,0.0,0.0,0.0,0.0,0.0,0,0,0,0,0,0,0,
0,0,47.51,46.18,48.61,-0.0165,48.54,0,0,0,0,0,0,0,47.74
0,0,47.19,46.6,47.96,-0.019,47.93,0,0,0,0,0,0,0,47.02
0,0,47.59,46.16,48.5,0.0284,46.79,0,0,0,0,0,0,0,48.12
0,0,48.14,47.56,48.62,0.0029112,48.09,0,0,0,0,0,0,0,48.23
0,0,0.0,0.0,0.0,0.0,0.0,0,0,0,0,0,0,0,
0,0,0.0,0.0,0.0,0.0,0.0,0,0,0,0,0,0,0,
0,0,0.0,0.0,0.0,0.0,0.0,0,0,0,0,0,0,0,
0,0,48.03,47.5,48.96,-0.0126,48.23,0,0,0,0,0,0,0,47.62
0,0,48.01,47.68,48.35,0.0058676,47.72,0,0,0,0,0,0,0,48.0
0,0,48.22,47.61,48.66,0.0056098,48.13,0,0,0,0,0,0,0,48.4
0,0,48.29,47.77,48.58,0.003516,48.35,0,0,0,0,0,0,0,48.52
0,0,0.0,0.0,0.0,0.0,0.0,0,0,0,0,0,0,0,
0,0,0.0,0.0,0.0,0.0,0.0,0,0,0,0,0,0,0,
0,0,0.0,0.0,0.0,0.0,0.0,0,0,0,0,0,0,0,
0,0,48.21,47.18,49.83,-0.0161,48.4,0,0,0,0,0,0,0,47.62
0,0,49.12,47.24,50.2,0.0538,47.38,0,0,0,0,0,0,0,49.93
0,0,50.35,49.48,50.94,0.0163,49.82,0,0,0,0,0,0,0,50.63
0,0,50.83,50.39,51.28,0.0059371,50.53,0,0,0,0,0,0,0,50.83
0,0,51.93,50.81,52.75,0.0257,50.93,0,0,0,0,0,0,0,52.24
0,0,0.0,0.0,0.0,0.0,0.0,0,0,0,0,0,0,0,
0,0,0.0,0.0,0.0,0.0,0.0,0,0,0,0,0,0,0,
0,0,52.15,51.5,52.7,-0.0062762,52.58,0,0,0,0,0,0,0,52.25
0,0,52.91,52.07,53.45,0.0197,52.18,0,0,0,0,0,0,0,53.21
0,0,53.14,52.58,53.93,-0.0075033,53.31,0,0,0,0,0,0,0,52.91
0,0,53.19,52.24,53.75,0.0138,52.84,0,0,0,0,0,0,0,53.57
0,0,52.67,51.83,53.83,-0.0268,53.8,0,0,0,0,0,0,0,52.36
0,0,0.0,0.0,0.0,0.0,0.0,0,0,0,0,0,0,0,
0,0,0.0,0.0,0.0,0.0,0.0,0,0,0,0,0,0,0,
0,0,0.0,0.0,0.0,0.0,0.0,0,0,0,0,0,0,0,
0,0,52.62,51.76,53.13,0.0188,52.0,0,0,0,0,0,0,0,52.98
0,0,53.36,53.05,53.79,0.0020704,53.13,0,0,0,0,0,0,0,53.24
0,0,53.1,52.75,53.41,0.0037786,52.93,0,0,0,0,0,0,0,53.13
0,0,52.29,51.44,53.16,-0.0156,53.1,0,0,0,0,0,0,0,52.27
0,0,0.0,0.0,0.0,0.0,0.0,0,0,0,0,0,0,0,
0,0,0.0,0.0,0.0,0.0,0.0,0,0,0,0,0,0,0,
0,0,52.51,51.82,52.95,0.0115,52.17,0,0,0,0,0,0,0,52.77
0,0,52.72,52.29,53.25,-0.00567,52.91,0,0,0,0,0,0,0,52.61
0,0,52.67,51.85,53.3,0.0017058,52.76,0,0,0,0,0,0,0,52.85
0,0,52.65,52.04,53.58,-0.0058879,52.65,0,0,0,0,0,0,0,52.34
0,0,52.46,51.93,53.25,0.0009587728,52.15,0,0,0,0,0,0,0,52.2
0,0,0.0,0.0,0.0,0.0,0.0,0,0,0,0,0,0,0,
0,0,0.0,0.0,0.0,0.0,0.0,0,0,0,0,0,0,0,
0,0,52.98,51.64,53.74,0.03,51.99,0,0,0,0,0,0,0,53.55
0,0,54.49,53.45,55.26,0.0239,53.48,0,0,0,0,0,0,0,54.76
0,0,55.61,54.81,56.33,0.0116,55.05,0,0,0,0,0,0,0,55.69
0,0,56.04,55.3,56.58,0.0048249,55.96,0,0,0,0,0,0,0,56.23
0,0,56.86,56.43,57.29,0.0069075,56.46,0,0,0,0,0,0,0,56.85
0,0,0.0,0.0,0.0,0.0,0.0,0,0,0,0,0,0,0,
0,0,0.0,0.0,0.0,0.0,0.0,0,0,0,0,0,0,0,
0,0,57.7,57.0,58.14,0.0159,57.06,0,0,0,0,0,0,0,57.97
0,0,58.08,57.27,58.62,0.0043022,58.11,0,0,0,0,0,0,0,58.36
0,0,58.56,58.08,58.91,0.003935,58.45,0,0,0,0,0,0,0,58.68
0,0,58.26,57.84,58.71,-0.0027397,58.4,0,0,0,0,0,0,0,58.24
0,0,58.9,57.41,59.82,0.0264,57.94,0,0,0,0,0,0,0,59.47
0,0,0.0,0.0,0.0,0.0,0.0,0,0,0,0,0,0,0,
0,0,0.0,0.0,0.0,0.0,0.0,0,0,0,0,0,0,0,
0,0,0.0,0.0,0.0,0.0,0.0,0,0,0,0,0,0,0,
0,0,60.11,59.33,60.95,0.0011671,59.98,0,0,0,0,0,0,0,60.05
0,0,60.77,59.43,61.73,0.0149,60.24,0,0,0,0,0,0,0,61.14
0,0,60.86,59.79,62.26,-0.0188,61.68,0,0,0,0,0,0,0,60.52
0,0,59.37,58.59,60.29,-0.0159,60.2,0,0,0,0,0,0,0,59.24
0,0,0.0,0.0,0.0,0.0,0.0,0,0,0,0,0,0,0,
0,0,0.0,0.0,0.0,0.0,0.0,0,0,0,0,0,0,0,
0,0,60.72,58.82,61.84,0.0443,58.88,0,0,0,0,0,0,0,61.49
0,0,61.78,60.67,63.0,-0.0078829,62.16,0,0,0,0,0,0,0,61.67
0,0,62.57,60.97,63.51,0.0315,61.29,0,0,0,0,0,0,0,63.22
0,0,63.33,62.65,63.81,0.0022086,63.39,0,0,0,0,0,0,0,63.53
0,0,62.14,61.34,63.57,-0.0309,63.46,0,0,0,0,0,0,0,61.5
0,0,0.0,0.0,0.0,0.0,0.0,0,0,0,0,0,0,0,
0,0,0.0,0.0,0.0,0.0,0.0,0,0,0,0,0,0,0,
0,0,61.17,59.96,62.92,-0.0211,61.95,0,0,0,0,0,0,0,60.64
0,0,60.11,59.38,61.21,-0.0079695,60.23,0,0,0,0,0,0,0,59.75
0,0,60.84,59.24,61.99,0.0291,59.55,0,0,0,0,0,0,0,61.28
0,0,63.07,60.52,64.86,0.045,61.08,0,0,0,0,0,0,0,63.83
0,0,65.44,63.82,66.42,0.0301,64.16,0,0,0,0,0,0,0,66.09
0,0,0.0,0.0,0.0,0.0,0.0,0,0,0,0,0,0,0,
0,0,0.0,0.0,0.0,0.0,0.0,0,0,0,0,0,0,0,
0,0,65.87,64.57,67.98,-0.0244,66.68,0,0,0,0,0,0,0,65.05
0,0,64.54,63.63,65.98,-0.0111,64.73,0,0,0,0,0,0,0,64.01
0,0,64.18,63.13,64.96,0.0093985,63.84,0,0,0,0,0,0,0,64.44
0,0,65.59,64.54,66.21,0.0204,64.7,0,0,0,0,0,0,0,66.02
0,0,65.75,65.41,66.24,-0.0053062,65.96,0,0,0,0,0,0,0,65.61
0,0,0.0,0.0,0.0,0.0,0.0,0,0,0,0,0,0,0,
0,0,0.0,0.0,0.0,0.0,0.0,0,0,0,0,0,0,0,
0,0,65.31,64.13,66.4,-0.002593,65.56,0,0,0,0,0,0,0,65.39
0,0,64.68,63.8,65.43,-0.0081127,65.33,0,0,0,0,0,0,0,64.8
0,0,64.51,63.6,65.34,-0.0023166,64.75,0,0,0,0,0,0,0,64.6
0,0,61.01,58.2,64.82,-0.0686,64.42,0,0,0,0,0,0,0,60.0
0,0,60.69,58.94,61.72,0.0312,59.56,0,0,0,0,0,0,0,61.42
0,0,0.0,0.0,0.0,0.0,0.0,0,0,0,0,0,0,0,
0,0,0.0,0.0,0.0,0.0,0.0,0,0,0,0,0,0,0,
0,0,61.28,60.39,61.9,0.0,61.55,0,0,0,0,0,0,0,61.55
0,0,58.79,57.25,61.35,-0.0574,61.28,0,0,0,0,0,0,0,57.76
0,0,59.94,57.29,61.34,0.0659,57.4,0,0,0,0,0,0,0,61.18
0,0,58.95,57.44,60.86,-0.0368,60.8,0,0,0,0,0,0,0,58.56
0,0,60.22,58.32,61.36,0.0426,58.48,0,0,0,0,0,0,0,60.97
0,0,0.0,0.0,0.0,0.0,0.0,0,0,0,0,0,0,0,
0,0,0.0,0.0,0.0,0.0,0.0,0,0,0,0,0,0,0,
0,0,60.91,59.41,61.77,0.0103,60.93,0,0,0,0,0,0,0,61.56
0,0,60.92,59.94,62.27,-0.0228,61.96,0,0,0,0,0,0,0,60.55
0,0,59.73,58.85,61.17,-0.0213,60.45,0,0,0,0,0,0,0,59.16
0,0,60.69,58.86,61.75,0.0329,59.49,0,0,0,0,0,0,0,61.45
0,0,0.0,0.0,0.0,0.0,0.0,0,0,0,0,0,0,0,
0,0,0.0,0.0,0.0,0.0,0.0,0,0,0,0,0,0,0,
0,0,0.0,0.0,0.0,0.0,0.0,0,0,0,0,0,0,0,
0,0,59.26,57.63,61.5,-0.0463,61.5,0,0,0,0,0,0,0,58.65
0,0,59.62,58.62,60.9,0.0090136,58.8,0,0,0,0,0,0,0,59.33
0,0,59.31,58.12,60.04,0.0086061,59.26,0,0,0,0,0,0,0,59.77
0,0,59.45,58.82,59.93,0.0013441,59.52,0,0,0,0,0,0,0,59.6
0,0,59.46,59.1,59.95,-0.0073628,59.76,0,0,0,0,0,0,0,59.32
0,0,0.0,0.0,0.0,0.0,0.0,0,0,0,0,0,0,0,
0,0,0.0,0.0,0.0,0.0,0.0,0,0,0,0,0,0,0,
0,0,59.73,58.73,60.77,0.0058972,59.35,0,0,0,0,0,0,0,59.7
0,0,60.14,59.64,60.59,0.0090543,59.64,0,0,0,0,0,0,0,60.18
0,0,62.32,60.38,63.44,0.0448,60.44,0,0,0,0,0,0,0,63.15
0,0,63.19,62.53,63.57,0.01,62.83,0,0,0,0,0,0,0,63.46
0,0,63.28,62.83,63.88,-0.0030006,63.32,0,0,0,0,0,0,0,63.13
0,0,0.0,0.0,0.0,0.0,0.0,0,0,0,0,0,0,0,
0,0,0.0,0.0,0.0,0.0,0.0,0,0,0,0,0,0,0,
0,0,63.21,62.63,63.63,0.0063512,62.98,0,0,0,0,0,0,0,63.38
0,0,62.73,61.5,64.25,-0.0162,63.47,0,0,0,0,0,0,0,62.44
0,0,61.59,60.86,62.56,-0.0167,62.39,0,0,0,0,0,0,0,61.35
0,0,61.3,60.61,61.87,0.0052365,61.11,0,0,0,0,0,0,0,61.43
0,0,61.94,61.25,62.43,0.0079481,61.65,0,0,0,0,0,0,0,62.14
0,0,0.0,0.0,0.0,0.0,0.0,0,0,0,0,0,0,0,
0,0,0.0,0.0,0.0,0.0,0.0,0,0,0,0,0,0,0,
0,0,61.63,60.66,62.31,-0.002417,62.06,0,0,0,0,0,0,0,61.91
0,0,62.72,61.91,63.3,0.0157,61.97,0,0,0,0,0,0,0,62.94
0,0,63.69,62.67,64.53,0.013,63.04,0,0,0,0,0,0,0,63.86
0,0,64.71,63.65,65.47,0.0206,63.7,0,0,0,0,0,0,0,65.01
0,0,63.87,63.08,64.95,-0.02,64.88,0,0,0,0,0,0,0,63.58
0,0,0.0,0.0,0.0,0.0,0.0,0,0,0,0,0,0,0,
0,0,0.0,0.0,0.0,0.0,0.0,0,0,0,0,0,0,0,
0,0,64.03,62.91,64.68,0.0134,63.64,0,0,0,0,0,0,0,64.49
0,0,65.39,64.29,66.19,0.018,64.53,0,0,0,0,0,0,0,65.69
0,0,65.77,64.92,66.76,-0.0123,66.45,0,0,0,0,0,0,0,65.63
0,0,65.06,64.5,65.98,-0.0085797,65.27,0,0,0,0,0,0,0,64.71
0,0,64.68,63.9,65.24,0.0,64.9,0,0,0,0,0,0,0,64.9
0,0,0.0,0.0,0.0,0.0,0.0,0,0,0,0,0,0,0,
0,0,0.0,0.0,0.0,0.0,0.0,0,0,0,0,0,0,0,
0,0,64.87,63.95,65.75,-0.0099131,65.57,0,0,0,0,0,0,0,64.92
0,0,64.82,63.68,65.5,0.0058552,64.9,0,0,0,0,0,0,0,65.28
0,0,65.89,64.97,66.63,0.0094714,65.46,0,0,0,0,0,0,0,66.08
0,0,64.24,63.09,65.81,-0.0294,65.75,0,0,0,0,0,0,0,63.82
0,0,64.77,63.33,65.62,0.0241,63.83,0,0,0,0,0,0,0,65.37
0,0,0.0,0.0,0.0,0.0,0.0,0,0,0,0,0,0,0,
0,0,0.0,0.0,0.0,0.0,0.0,0,0,0,0,0,0,0,
0,0,65.84,64.83,66.43,0.0118,65.5,0,0,0,0,0,0,0,66.27
0,0,65.54,64.11,67.01,-0.0127,66.33,0,0,0,0,0,0,0,65.49
0,0,63.55,61.95,65.35,-0.0294,65.28,0,0,0,0,0,0,0,63.36
0,0,62.63,61.89,63.96,-0.0211,63.39,0,0,0,0,0,0,0,62.05
0,0,63.07,61.56,64.07,0.0273,61.89,0,0,0,0,0,0,0,63.58
0,0,0.0,0.0,0.0,0.0,0.0,0,0,0,0,0,0,0,
0,0,0.0,0.0,0.0,0.0,0.0,0,0,0,0,0,0,0,
0,0,65.27,63.63,66.14,0.0341,63.87,0,0,0,0,0,0,0,66.05
0,0,66.0,65.41,66.51,0.0007573463,66.02,0,0,0,0,0,0,0,66.07
0,0,65.96,65.25,66.43,0.0025742,66.04,0,0,0,0,0,0,0,66.21
0,0,66.41,65.47,66.92,0.0104,66.16,0,0,0,0,0,0,0,66.85
0,0,66.67,66.17,67.52,-0.00941,66.95,0,0,0,0,0,0,0,66.32
0,0,0.0,0.0,0.0,0.0,0.0,0,0,0,0,0,0,0,
0,0,0.0,0.0,0.0,0.0,0.0,0,0,0,0,0,0,0,
0,0,0.0,0.0,0.0,0.0,0.0,0,0,0,0,0,0,0,
0,0,67.67,66.41,68.87,0.0156,66.68,0,0,0,0,0,0,0,67.72
0,0,68.54,67.78,69.0,0.0124,67.99,0,0,0,0,0,0,0,68.83
0,0,68.8,68.19,69.4,0.000727167,68.76,0,0,0,0,0,0,0,68.81
0,0,69.24,68.33,69.76,0.0103,68.91,0,0,0,0,0,0,0,69.62
0,0,0.0,0.0,0.0,0.0,0.0,0,0,0,0,0,0,0,
0,0,0.0,0.0,0.0,0.0,0.0,0,0,0,0,0,0,0,
0,0,69.39,68.93,70.0,-0.0041715,69.52,0,0,0,0,0,0,0,69.23
0,0,69.6,68.47,70.27,0.011,69.29,0,0,0,0,0,0,0,70.05
0,0,70.01,69.46,70.62,-0.0007141837,70.01,0,0,0,0,0,0,0,69.96
0,0,69.87,68.68,70.65,0.0075975,69.76,0,0,0,0,0,0,0,70.29
0,0,70.61,69.68,71.24,0.0116,70.1,0,0,0,0,0,0,0,70.91
0,0,0.0,0.0,0.0,0.0,0.0,0,0,0,0,0,0,0,
0,0,0.0,0.0,0.0,0.0,0.0,0,0,0,0,0,0,0,
0,0,71.1,70.65,71.78,0.0032555,70.65,0,0,0,0,0,0,0,70.88
0,0,71.81,70.81,72.49,0.0135,71.16,0,0,0,0,0,0,0,72.12
0,0,72.25,71.61,72.99,-0.0041408,72.45,0,0,0,0,0,0,0,72.15
0,0,71.04,69.77,72.3,-0.0085136,71.65,0,0,0,0,0,0,0,71.04
0,0,71.32,70.16,72.17,0.0075949,71.1,0,0,0,0,0,0,0,71.64
0,0,0.0,0.0,0.0,0.0,0.0,0,0,0,0,0,0,0,
0,0,0.0,0.0,0.0,0.0,0.0,0,0,0,0,0,0,0,
0,0,72.92,71.15,73.96,0.0299,71.52,0,0,0,0,0,0,0,73.66
0,0,73.32,72.94,73.95,-0.0047677,73.41,0,0,0,0,0,0,0,73.06
0,0,73.38,72.82,74.25,0.0023316,72.91,0,0,0,0,0,0,0,73.08
0,0,73.08,72.32,73.61,0.0002729258,73.28,0,0,0,0,0,0,0,73.3
0,0,73.69,72.85,74.18,0.0099564,73.32,0,0,0,0,0,0,0,74.05
0,0,0.0,0.0,0.0,0.0,0.0,0,0,0,0,0,0,0,
0,0,0.0,0.0,0.0,0.0,0.0,0,0,0,0,0,0,0,
0,0,73.33,72.62,74.45,-0.0146,73.99,0,0,0,0,0,0,0,72.91
0,0,72.92,71.97,73.81,0.002748,72.78,0,0,0,0,0,0,0,72.98
0,0,73.48,72.82,74.14,0.0,73.47,0,0,0,0,0,0,0,73.47
0,0,74.95,73.39,76.22,0.0235,73.5,0,0,0,0,0,0,0,75.23
0,0,75.06,74.41,75.62,0.0018662,75.02,0,0,0,0,0,0,0,75.16
0,0,0.0,0.0,0.0,0.0,0.0,0,0,0,0,0,0,0,
0,0,0.0,0.0,0.0,0.0,0.0,0,0,0,0,0,0,0,
0,0,0.0,0.0,0.0,0.0,0.0,0,0,0,0,0,0,0,
0,0,74.43,72.94,76.98,-0.0263,75.35,0,0,0,0,0,0,0,73.37
0,0,72.71,71.07,74.86,-0.0223,73.85,0,0,0,0,0,0,0,72.2
0,0,72.32,70.76,73.26,0.0107,72.17,0,0,0,0,0,0,0,72.94
0,0,74.01,72.72,74.76,0.0177,73.26,0,0,0,0,0,0,0,74.56
0,0,0.0,0.0,0.0,0.0,0.0,0,0,0,0,0,0,0,
0,0,0.0,0.0,0.0,0.0,0.0,0,0,0,0,0,0,0,
0,0,74.06,73.16,74.93,-0.008563,74.74,0,0,0,0,0,0,0,74.1
0,0,74.82,73.68,75.52,0.0144,74.18,0,0,0,0,0,0,0,75.25
0,0,73.59,72.21,75.44,-0.0271,75.17,0,0,0,0,0,0,0,73.13
0,0,72.0,71.4,72.96,-0.018,72.96,0,0,0,0,0,0,0,71.65
0,0,71.51,70.41,72.3,0.0046167,71.48,0,0,0,0,0,0,0,71.81
0,0,0.0,0.0,0.0,0.0,0.0,0,0,0,0,0,0,0,
0,0,0.0,0.0,0.0,0.0,0.0,0,0,0,0,0,0,0,
0,0,67.91,65.63,71.67,-0.0709,71.49,0,0,0,0,0,0,0,66.42
0,0,66.76,65.21,67.65,0.0123,66.6,0,0,0,0,0,0,0,67.42
0,0,69.08,66.44,70.51,0.0579,66.45,0,0,0,0,0,0,0,70.3
0,0,71.27,69.86,72.03,0.0241,70.22,0,0,0,0,0,0,0,71.91
0,0,71.89,71.39,72.21,0.0050202,71.71,0,0,0,0,0,0,0,72.07
0,0,0.0,0.0,0.0,0.0,0.0,0,0,0,0,0,0,0,
0,0,0.0,0.0,0.0,0.0,0.0,0,0,0,0,0,0,0,
0,0,71.63,70.56,72.43,-0.0037406,72.18,0,0,0,0,0,0,0,71.91
0,0,71.69,71.08,72.33,-0.0078926,72.22,0,0,0,0,0,0,0,71.65
0,0,72.23,71.7,72.6,0.006815,71.9,0,0,0,0,0,0,0,72.39
0,0,73.19,72.26,73.68,0.0169,72.4,0,0,0,0,0,0,0,73.62
0,0,73.7,72.93,74.23,0.0073559,73.41,0,0,0,0,0,0,0,73.95
0,0,0.0,0.0,0.0,0.0,0.0,0,0,0,0,0,0,0,
0,0,0.0,0.0,0.0,0.0,0.0,0,0,0,0,0,0,0,
0,0,71.92,70.55,73.95,-0.0359,73.91,0,0,0,0,0,0,0,71.26
0,0,70.57,69.19,71.96,-0.0134,71.52,0,0,0,0,0,0,0,70.56
0,0,68.94,67.85,70.81,-0.0309,70.32,0,0,0,0,0,0,0,68.15
0,0,68.68,67.61,69.35,0.0151,68.06,0,0,0,0,0,0,0,69.09
0,0,68.75,67.8,70.18,-0.0124,69.14,0,0,0,0,0,0,0,68.28
0,0,0.0,0.0,0.0,0.0,0.0,0,0,0,0,0,0,0,
0,0,0.0,0.0,0.0,0.0,0.0,0,0,0,0,0,0,0,
0,0,66.51,65.15,67.9,-0.0206,67.88,0,0,0,0,0,0,0,66.48
0,0,67.92,66.56,68.9,0.0215,66.85,0,0,0,0,0,0,0,68.29
0,0,68.46,66.67,69.45,0.0108,68.51,0,0,0,0,0,0,0,69.25
0,0,69.06,68.46,69.62,-0.0038927,69.36,0,0,0,0,0,0,0,69.09
0,0,68.48,67.77,69.22,-0.0068205,68.91,0,0,0,0,0,0,0,68.44
0,0,0.0,0.0,0.0,0.0,0.0,0,0,0,0,0,0,0,
0,0,0.0,0.0,0.0,0.0,0.0,0,0,0,0,0,0,0,
0,0,67.05,65.73,68.14,-0.0123,68.13,0,0,0,0,0,0,0,67.29
0,0,66.88,66.33,67.72,-0.0125,67.43,0,0,0,0,0,0,0,66.59
0,0,65.76,64.34,67.48,-0.0168,66.58,0,0,0,0,0,0,0,65.46
0,0,63.69,62.63,64.76,-0.0138,64.58,0,0,0,0,0,0,0,63.69
0,0,62.84,62.11,64.1,-0.027,64.05,0,0,0,0,0,0,0,62.32
0,0,0.0,0.0,0.0,0.0,0.0,0,0,0,0,0,0,0,
0,0,0.0,0.0,0.0,0.0,0.0,0,0,0,0,0,0,0,
0,0,64.46,61.74,66.0,0.0594,61.96,0,0,0,0,0,0,0,65.64
0,0,66.92,65.41,67.8,0.0305,65.54,0,0,0,0,0,0,0,67.54
0,0,67.94,66.92,68.54,0.0108,67.63,0,0,0,0,0,0,0,68.36
0,0,67.58,67.02,68.31,-0.0085294,68.0,0,0,0,0,0,0,0,67.42
0,0,68.44,67.52,69.05,0.0146,67.75,0,0,0,0,0,0,0,68.74
0,0,0.0,0.0,0.0,0.0,0.0,0,0,0,0,0,0,0,
0,0,0.0,0.0,0.0,0.0,0.0,0,0,0,0,0,0,0,
0,0,68.84,67.67,69.64,-0.0012987,69.3,0,0,0,0,0,0,0,69.21
0,0,68.67,68.16,69.34,-0.0098294,69.18,0,0,0,0,0,0,0,68.5
0,0,68.32,67.12,69.24,0.0005835157,68.55,0,0,0,0,0,0,0,68.59
0,0,69.48,67.84,70.61,0.0249,68.29,0,0,0,0,0,0,0,69.99
0,0,69.62,69.05,70.53,-0.0067374,69.76,0,0,0,0,0,0,0,69.29
0,0,0.0,0.0,0.0,0.0,0.0,0,0,0,0,0,0,0,
0,0,0.0,0.0,0.0,0.0,0.0,0,0,0,0,0,0,0,
0,0,0.0,0.0,0.0,0.0,0.0,0,0,0,0,0,0,0,
0,0,68.49,67.64,69.48,-0.011,69.11,0,0,0,0,0,0,0,68.35
0,0,69.12,68.31,69.75,0.0136,68.37,0,0,0,0,0,0,0,69.3
0,0,68.53,67.56,69.89,-0.0176,69.36,0,0,0,0,0,0,0,68.14
0,0,69.12,67.68,69.96,0.0257,67.97,0,0,0,0,0,0,0,69.72
0,0,0.0,0.0,0.0,0.0,0.0,0,0,0,0,0,0,0,
0,0,0.0,0.0,0.0,0.0,0.0,0,0,0,0,0,0,0,
0,0,70.31,69.51,70.97,0.0102,69.74,0,0,0,0,0,0,0,70.45
0,0,70.55,69.98,71.22,-0.0025481,70.64,0,0,0,0,0,0,0,70.46
0,0,72.13,70.65,73.14,0.0261,70.76,0,0,0,0,0,0,0,72.61
0,0,72.38,71.53,72.99,-0.000550585,72.65,0,0,0,0,0,0,0,72.61
0,0,71.97,71.21,72.72,-0.0089507,72.62,0,0,0,0,0,0,0,71.97
0,0,0.0,0.0,0.0,0.0,0.0,0,0,0,0,0,0,0,
0,0,0.0,0.0,0.0,0.0,0.0,0,0,0,0,0,0,0,
0,0,70.74,69.86,72.08,-0.0227,71.92,0,0,0,0,0,0,0,70.29
0,0,70.62,69.67,71.63,-0.0004249894,70.59,0,0,0,0,0,0,0,70.56
0,0,71.72,70.64,72.3,0.0195,70.85,0,0,0,0,0,0,0,72.23
0,0,72.8,71.61,73.5,0.0185,71.97,0,0,0,0,0,0,0,73.3
0,0,73.69,72.81,74.27,0.0101,73.24,0,0,0,0,0,0,0,73.98
0,0,0.0,0.0,0.0,0.0,0.0,0,0,0,0,0,0,0,
0,0,0.0,0.0,0.0,0.0,0.0,0,0,0,0,0,0,0,
0,0,75.12,74.16,75.75,0.017,74.19,0,0,0,0,0,0,0,75.45
0,0,75.4,74.24,76.67,-0.001856,75.43,0,0,0,0,0,0,0,75.29
0,0,74.79,73.74,75.79,0.00605,74.38,0,0,0,0,0,0,0,74.83
0,0,74.75,73.14,76.07,0.0033431,74.78,0,0,0,0,0,0,0,75.03
0,0,75.37,74.23,75.99,0.0101,75.12,0,0,0,0,0,0,0,75.88
0,0,0.0,0.0,0.0,0.0,0.0,0,0,0,0,0,0,0,
0,0,0.0,0.0,0.0,0.0,0.0,0,0,0,0,0,0,0,
0,0,77.11,75.32,78.38,0.0227,75.9,0,0,0,0,0,0,0,77.62
0,0,78.63,77.47,79.48,0.0174,77.58,0,0,0,0,0,0,0,78.93
0,0,78.01,76.83,79.78,-0.0204,79.04,0,0,0,0,0,0,0,77.43
0,0,77.38,74.96,78.89,0.0169,77.0,0,0,0,0,0,0,0,78.3
0,0,79.36,78.63,80.11,0.0062135,78.86,0,0,0,0,0,0,0,79.35
0,0,0.0,0.0,0.0,0.0,0.0,0,0,0,0,0,0,0,
0,0,0.0,0.0,0.0,0.0,0.0,0,0,0,0,0,0,0,
0,0,80.75,79.55,82.18,0.0117,79.59,0,0,0,0,0,0,0,80.52
0,0,80.58,79.47,81.62,0.0017391,80.5,0,0,0,0,0,0,0,80.64
0,0,80.3,79.42,81.04,-0.0017374,80.58,0,0,0,0,0,0,0,80.44
0,0,81.12,80.38,81.68,0.0089341,80.59,0,0,0,0,0,0,0,81.31
0,0,82.11,81.39,82.66,0.0098184,81.48,0,0,0,0,0,0,0,82.28
0,0,0.0,0.0,0.0,0.0,0.0,0,0,0,0,0,0,0,
0,0,0.0,0.0,0.0,0.0,0.0,0,0,0,0,0,0,0,
0,0,82.72,81.84,83.87,-0.001937,82.6,0,0,0,0,0,0,0,82.44
0,0,82.83,81.8,83.74,0.0071628,82.37,0,0,0,0,0,0,0,82.96
0,0,83.14,81.3,84.25,0.0063595,83.34,0,0,0,0,0,0,0,83.87
0,0,82.42,80.79,83.96,-0.0129,83.58,0,0,0,0,0,0,0,82.5
0,0,83.25,81.76,84.22,0.0139,82.61,0,0,0,0,0,0,0,83.76
0,0,0.0,0.0,0.0,0.0,0.0,0,0,0,0,0,0,0,
0,0,0.0,0.0,0.0,0.0,0.0,0,0,0,0,0,0,0,
0,0,84.19,83.39,85.41,-0.0026197,83.98,0,0,0,0,0,0,0,83.76
0,0,84.17,82.97,84.88,0.0111,83.72,0,0,0,0,0,0,0,84.65
0,0,83.06,82.01,84.51,-0.0205,84.39,0,0,0,0,0,0,0,82.66
0,0,82.2,80.58,83.21,0.0068085,82.25,0,0,0,0,0,0,0,82.81
0,0,82.91,81.41,83.74,0.0057769,83.09,0,0,0,0,0,0,0,83.57
0,0,0.0,0.0,0.0,0.0,0.0,0,0,0,0,0,0,0,
0,0,0.0,0.0,0.0,0.0,0.0,0,0,0,0,0,0,0,
0,0,83.89,82.74,84.88,0.0082774,83.36,0,0,0,0,0,0,0,84.05
0,0,83.75,82.92,84.41,0.0004769286,83.87,0,0,0,0,0,0,0,83.91
0,0,81.21,79.69,83.08,-0.0266,83.07,0,0,0,0,0,0,0,80.86
0,0,80.16,78.25,83.42,-0.0171,80.18,0,0,0,0,0,0,0,78.81
0,0,80.68,78.96,81.8,0.0239,79.37,0,0,0,0,0,0,0,81.27
0,0,0.0,0.0,0.0,0.0,0.0,0,0,0,0,0,0,0,
0,0,0.0,0.0,0.0,0.0,0.0,0,0,0,0,0,0,0,
0,0,81.88,81.05,82.67,0.0098607,81.13,0,0,0,0,0,0,0,81.93
0,0,83.52,81.78,84.63,0.0242,82.16,0,0,0,0,0,0,0,84.15
0,0,82.37,80.81,84.97,-0.0377,84.53,0,0,0,0,0,0,0,81.34
0,0,81.37,80.2,82.33,0.002211,81.41,0,0,0,0,0,0,0,81.59
0,0,80.73,79.78,81.62,-0.0051718,81.21,0,0,0,0,0,0,0,80.79
0,0,0.0,0.0,0.0,0.0,0.0,0,0,0,0,0,0,0,
0,0,0.0,0.0,0.0,0.0,0.0,0,0,0,0,0,0,0,
0,0,80.46,79.3,81.2,0.0027275,80.66,0,0,0,0,0,0,0,80.88
0,0,80.87,80.03,81.81,-0.0021006,80.93,0,0,0,0,0,0,0,80.76
0,0,78.91,77.69,80.69,-0.0271,80.54,0,0,0,0,0,0,0,78.36
0,0,78.48,77.08,79.36,0.0085525,78.34,0,0,0,0,0,0,0,79.01
0,0,77.13,75.37,79.92,-0.0338,78.76,0,0,0,0,0,0,0,76.1
0,0,0.0,0.0,0.0,0.0,0.0,0,0,0,0,0,0,0,
0,0,0.0,0.0,0.0,0.0,0.0,0,0,0,0,0,0,0,
0,0,76.22,74.76,77.16,0.0132,75.75,0,0,0,0,0,0,0,76.75
0,0,77.55,75.3,78.86,0.0267,76.46,0,0,0,0,0,0,0,78.5
0,0,78.53,77.98,79.23,-0.0011468,78.48,0,0,0,0,0,0,0,78.39
0,0,0.0,0.0,0.0,0.0,0.0,0,0,0,0,0,0,0,
0,0,71.4,67.4,78.65,-0.1301,78.34,0,0,0,0,0,0,0,68.15
0,0,0.0,0.0,0.0,0.0,0.0,0,0,0,0,0,0,0,
0,0,0.0,0.0,0.0,0.0,0.0,0,0,0,0,0,0,0,
0,0,70.58,68.86,72.93,0.0104,69.23,0,0,0,0,0,0,0,69.95
0,0,67.28,64.43,71.22,-0.0551,70.04,0,0,0,0,0,0,0,66.18
0,0,66.63,64.84,69.49,-0.0215,67.01,0,0,0,0,0,0,0,65.57
0,0,65.47,62.43,67.49,0.0133,65.63,0,0,0,0,0,0,0,66.5
0,0,67.03,65.6,69.22,-0.0184,67.5,0,0,0,0,0,0,0,66.26
0,0,0.0,0.0,0.0,0.0,0.0,0,0,0,0,0,0,0,
0,0,0.0,0.0,0.0,0.0,0.0,0,0,0,0,0,0,0,
0,0,68.79,66.72,70.15,0.0369,67.02,0,0,0,0,0,0,0,69.49
0,0,71.53,69.52,73.03,0.0334,69.72,0,0,0,0,0,0,0,72.05
0,0,72.09,70.91,73.0,0.006958,71.86,0,0,0,0,0,0,0,72.36
0,0,71.56,70.39,73.34,-0.0218,72.52,0,0,0,0,0,0,0,70.94
0,0,71.44,70.32,72.33,0.014,70.68,0,0,0,0,0,0,0,71.67
0,0,0.0,0.0,0.0,0.0,0.0,0,0,0,0,0,0,0,
0,0,0.0,0.0,0.0,0.0,0.0,0,0,0,0,0,0,0,
0,0,71.67,70.71,73.0,-0.0104,72.04,0,0,0,0,0,0,0,71.29
0,0,70.76,69.51,72.03,-0.0054837,71.12,0,0,0,0,0,0,0,70.73
0,0,70.64,69.39,71.66,0.0073916,70.35,0,0,0,0,0,0,0,70.87
0,0,72.13,71.03,72.99,0.0126,71.48,0,0,0,0,0,0,0,72.38
0,0,71.0,69.89,72.26,-0.0147,71.92,0,0,0,0,0,0,0,70.86
0,0,0.0,0.0,0.0,0.0,0.0,0,0,0,0,0,0,0,
0,0,0.0,0.0,0.0,0.0,0.0,0,0,0,0,0,0,0,
0,0,68.11,66.04,70.07,-0.0263,70.07,0,0,0,0,0,0,0,68.23
0,0,70.41,68.56,71.55,0.0276,69.21,0,0,0,0,0,0,0,71.12
0,0,72.24,70.8,73.16,0.0209,71.27,0,0,0,0,0,0,0,72.76
0,0,73.34,72.27,73.95,0.0104,73.03,0,0,0,0,0,0,0,73.79
0,0,0.0,0.0,0.0,0.0,0.0,0,0,0,0,0,0,0,
0,0,0.0,0.0,0.0,0.0,0.0,0,0,0,0,0,0,0,
0,0,0.0,0.0,0.0,0.0,0.0,0,0,0,0,0,0,0,
0,0,74.74,72.57,76.09,0.0298,73.38,0,0,0,0,0,0,0,75.57
0,0,76.14,75.53,76.92,0.0001316309,75.97,0,0,0,0,0,0,0,75.98
0,0,76.43,75.36,77.37,0.0068385,76.04,0,0,0,0,0,0,0,76.56
0,0,76.74,75.78,77.44,0.0053539,76.58,0,0,0,0,0,0,0,76.99
0,0,75.75,74.95,77.08,-0.0189,76.66,0,0,0,0,0,0,0,75.21
0,0,0.0,0.0,0.0,0.0,0.0,0,0,0,0,0,0,0,
0,0,0.0,0.0,0.0,0.0,0.0,0,0,0,0,0,0,0,
0,0,75.6,74.27,76.46,0.0051526,75.69,0,0,0,0,0,0,0,76.08
0,0,76.78,75.7,77.64,0.0128,76.02,0,0,0,0,0,0,0,76.99
0,0,77.65,76.51,78.58,0.008681,77.18,0,0,0,0,0,0,0,77.85
0,0,78.81,76.73,80.24,0.0287,77.24,0,0,0,0,0,0,0,79.46
0,0,79.3,78.52,80.47,-0.009043,79.62,0,0,0,0,0,0,0,78.9
0,0,0.0,0.0,0.0,0.0,0.0,0,0,0,0,0,0,0,
0,0,0.0,0.0,0.0,0.0,0.0,0,0,0,0,0,0,0,
0,0,78.5,77.83,79.45,-0.0082404,78.88,0,0,0,0,0,0,0,78.23
0,0,80.39,78.36,81.59,0.0357,78.42,0,0,0,0,0,0,0,81.22
0,0,82.3,81.17,83.1,0.0155,81.38,0,0,0,0,0,0,0,82.64
0,0,82.15,81.39,82.94,-0.0084521,82.82,0,0,0,0,0,0,0,82.12
0,0,83.28,81.58,84.45,0.0256,81.73,0,0,0,0,0,0,0,83.82
0,0,0.0,0.0,0.0,0.0,0.0,0,0,0,0,0,0,0,
0,0,0.0,0.0,0.0,0.0,0.0,0,0,0,0,0,0,0,
0,0,0.0,0.0,0.0,0.0,0.0,0,0,0,0,0,0,0,
0,0,85.19,83.5,86.63,0.0132,84.32,0,0,0,0,0,0,0,85.43
0,0,86.88,85.77,87.91,0.0040411,86.61,0,0,0,0,0,0,0,86.96
0,0,86.91,86.0,87.82,0.0077699,86.23,0,0,0,0,0,0,0,86.9
0,0,84.49,82.78,85.56,0.00674,84.57,0,0,0,0,0,0,0,85.14
0,0,0.0,0.0,0.0,0.0,0.0,0,0,0,0,0,0,0,
0,0,0.0,0.0,0.0,0.0,0.0,0,0,0,0,0,0,0,
0,0,83.77,81.9,86.09,-0.0188,84.91,0,0,0,0,0,0,0,83.31
0,0,84.77,82.99,85.71,0.0172,84.15,0,0,0,0,0,0,0,85.6
0,0,86.77,85.01,87.95,0.0245,85.26,0,0,0,0,0,0,0,87.35
0,0,87.12,86.2,88.54,-0.0061962,87.15,0,0,0,0,0,0,0,86.61
0,0,87.37,86.44,88.84,-0.0077714,87.5,0,0,0,0,0,0,0,86.82
0,0,0.0,0.0,0.0,0.0,0.0,0,0,0,0,0,0,0,
0,0,0.0,0.0,0.0,0.0,0.0,0,0,0,0,0,0,0,
0,0,87.63,86.34,88.39,0.0080046,87.45,0,0,0,0,0,0,0,88.15
0,0,87.87,86.55,88.87,0.000567215,88.15,0,0,0,0,0,0,0,88.2
0,0,88.36,87.1,89.72,-0.0010187,88.35,0,0,0,0,0,0,0,88.26
0,0,89.16,86.75,90.45,0.026,87.98,0,0,0,0,0,0,0,90.27
0,0,91.85,90.07,93.17,0.0235,90.19,0,0,0,0,0,0,0,92.31
0,0,0.0,0.0,0.0,0.0,0.0,0,0,0,0,0,0,0,
0,0,0.0,0.0,0.0,0.0,0.0,0,0,0,0,0,0,0,
0,0,91.59,90.73,92.73,-0.0054454,91.82,0,0,0,0,0,0,0,91.32
0,0,89.85,88.51,91.68,-0.0249,91.64,0,0,0,0,0,0,0,89.36
0,0,89.55,88.41,90.58,-0.0022257,89.86,0,0,0,0,0,0,0,89.66
0,0,90.22,89.03,91.74,-0.0014443,90.01,0,0,0,0,0,0,0,89.88
0,0,92.32,89.19,94.66,0.0344,90.0,0,0,0,0,0,0,0,93.1
0,0,0.0,0.0,0.0,0.0,0.0,0,0,0,0,0,0,0,
0,0,0.0,0.0,0.0,0.0,0.0,0,0,0,0,0,0,0,
0,0,94.46,92.09,95.82,0.0165,93.91,0,0,0,0,0,0,0,95.46
0,0,92.63,90.66,95.17,-0.0291,94.83,0,0,0,0,0,0,0,92.07
0,0,92.89,90.0,95.01,0.0157,92.21,0,0,0,0,0,0,0,93.66
0,0,91.91,90.62,93.36,0.0094609,90.9,0,0,0,0,0,0,0,91.76
0,0,90.92,89.03,92.66,-0.0061115,91.63,0,0,0,0,0,0,0,91.07
0,0,0.0,0.0,0.0,0.0,0.0,0,0,0,0,0,0,0,
0,0,0.0,0.0,0.0,0.0,0.0,0,0,0,0,0,0,0,
0,0,0.0,0.0,0.0,0.0,0.0,0,0,0,0,0,0,0,
0,0,92.9,90.35,96.0,0.0065395,91.75,0,0,0,0,0,0,0,92.35
0,0,92.21,90.64,93.9,0.0039241,91.74,0,0,0,0,0,0,0,92.1
0,0,94.93,91.45,100.54,0.0031345,92.52,0,0,0,0,0,0,0,92.81
0,0,92.43,90.06,95.64,-0.0185,93.32,0,0,0,0,0,0,0,91.59
0,0,0.0,0.0,0.0,0.0,0.0,0,0,0,0,0,0,0,
0,0,0.0,0.0,0.0,0.0,0.0,0,0,0,0,0,0,0,
0,0,96.42,94.43,99.1,0.007685,94.99,0,0,0,0,0,0,0,95.72
0,0,101.84,95.32,106.78,0.0762,96.09,0,0,0,0,0,0,0,103.41
0,0,109.43,105.18,112.51,0.0325,107.12,0,0,0,0,0,0,0,110.6
0,0,110.22,106.43,116.57,-0.0329,111.33,0,0,0,0,0,0,0,107.67
0,0,112.98,107.25,116.02,0.0715,107.96,0,0,0,0,0,0,0,115.68
0,0,0.0,0.0,0.0,0.0,0.0,0,0,0,0,0,0,0,
0,0,0.0,0.0,0.0,0.0,0.0,0,0,0,0,0,0,0,
0,0,121.81,115.54,130.5,-0.0159,121.33,0,0,0,0,0,0,0,119.4
0,0,123.4,117.07,129.44,0.0251,120.67,0,0,0,0,0,0,0,123.7
0,0,113.06,103.63,126.84,-0.128,124.66,0,0,0,0,0,0,0,108.7
0,0,108.81,105.53,114.88,-0.0398,110.41,0,0,0,0,0,0,0,106.02
0,0,108.03,104.48,110.29,0.0315,105.99,0,0,0,0,0,0,0,109.33
0,0,0.0,0.0,0.0,0.0,0.0,0,0,0,0,0,0,0,
0,0,0.0,0.0,0.0,0.0,0.0,0,0,0,0,0,0,0,
0,0,104.16,99.76,109.72,-0.0586,109.42,0,0,0,0,0,0,0,103.01
0,0,97.52,93.53,102.58,-0.0571,102.28,0,0,0,0,0,0,0,96.44
0,0,96.11,94.07,99.22,-0.0019952,95.23,0,0,0,0,0,0,0,95.04
0,0,100.69,94.85,104.24,0.0801,95.34,0,0,0,0,0,0,0,102.98
0,0,104.43,102.3,106.28,0.0104,103.62,0,0,0,0,0,0,0,104.7
0,0,0.0,0.0,0.0,0.0,0.0,0,0,0,0,0,0,0,
0,0,0.0,0.0,0.0,0.0,0.0,0,0,0,0,0,0,0,
0,0,109.63,104.08,112.69,0.0665,105.13,0,0,0,0,0,0,0,112.12
0,0,112.02,109.3,115.01,-0.0101,112.9,0,0,0,0,0,0,0,111.76
0,0,112.9,108.38,115.4,0.0559,108.85,0,0,0,0,0,0,0,114.93
0,0,113.2,110.61,116.64,-0.0186,114.47,0,0,0,0,0,0,0,112.34
0,0,112.23,108.68,114.12,0.0192,111.75,0,0,0,0,0,0,0,113.9
0,0,0.0,0.0,0.0,0.0,0.0,0,0,0,0,0,0,0,
0,0,0.0,0.0,0.0,0.0,0.0,0,0,0,0,0,0,0,
0,0,107.24,102.83,112.93,-0.0616,112.92,0,0,0,0,0,0,0,105.96
0,0,103.51,98.44,107.84,0.0074418,103.47,0,0,0,0,0,0,0,104.24
0,0,107.04,104.55,108.75,0.0245,105.24,0,0,0,0,0,0,0,107.82
0,0,102.58,99.66,107.8,-0.0667,107.45,0,0,0,0,0,0,0,100.28
0,0,99.6,97.78,101.75,-0.0194,101.23,0,0,0,0,0,0,0,99.27
0,0,0.0,0.0,0.0,0.0,0.0,0,0,0,0,0,0,0,
0,0,0.0,0.0,0.0,0.0,0.0,0,0,0,0,0,0,0,
0,0,101.76,98.05,103.94,0.0438,98.95,0,0,0,0,0,0,0,103.28
0,0,102.48,99.88,105.59,-0.0164,103.66,0,0,0,0,0,0,0,101.96
0,0,98.66,95.73,104.02,-0.0495,101.24,0,0,0,0,0,0,0,96.23
0,0,96.22,93.81,98.82,-0.0116,97.16,0,0,0,0,0,0,0,96.03
0,0,97.44,95.29,98.76,0.0112,97.17,0,0,0,0,0,0,0,98.26
0,0,0.0,0.0,0.0,0.0,0.0,0,0,0,0,0,0,0,
0,0,0.0,0.0,0.0,0.0,0.0,0,0,0,0,0,0,0,
0,0,95.25,92.93,98.52,-0.0418,98.4,0,0,0,0,0,0,0,94.29
0,0,98.93,94.84,101.35,0.0571,95.17,0,0,0,0,0,0,0,100.6
0,0,102.86,99.87,104.47,0.0331,100.91,0,0,0,0,0,0,0,104.25
0,0,105.57,102.12,107.64,0.0264,104.2,0,0,0,0,0,0,0,106.95
0,0,0.0,0.0,0.0,0.0,0.0,0,0,0,0,0,0,0,
0,0,0.0,0.0,0.0,0.0,0.0,0,0,0,0,0,0,0,
0,0,0.0,0.0,0.0,0.0,0.0,0,0,0,0,0,0,0,
0,0,108.01,106.0,109.81,0.011,107.03,0,0,0,0,0,0,0,108.21
0,0,104.53,102.1,108.92,-0.0482,107.75,0,0,0,0,0,0,0,102.56
0,0,102.54,100.7,104.16,-0.0029112,103.05,0,0,0,0,0,0,0,102.75
0,0,103.74,102.01,105.42,0.0126,102.5,0,0,0,0,0,0,0,103.79
0,0,102.45,101.06,104.22,-0.0192,104.07,0,0,0,0,0,0,0,102.07
0,0,0.0,0.0,0.0,0.0,0.0,0,0,0,0,0,0,0,
0,0,0.0,0.0,0.0,0.0,0.0,0,0,0,0,0,0,0,
0,0,98.46,95.28,101.55,-0.028,101.38,0,0,0,0,0,0,0,98.54
0,0,100.51,97.06,102.78,0.031,98.64,0,0,0,0,0,0,0,101.7
0,0,101.6,99.8,102.99,0.002555,101.76,0,0,0,0,0,0,0,102.02
0,0,103.72,100.13,105.68,0.0318,102.11,0,0,0,0,0,0,0,105.36
0,0,105.49,103.78,107.99,-0.004564,105.17,0,0,0,0,0,0,0,104.69
0,0,0.0,0.0,0.0,0.0,0.0,0,0,0,0,0,0,0,
0,0,0.0,0.0,0.0,0.0,0.0,0,0,0,0,0,0,0,
0,0,103.8,100.28,105.94,0.0113,104.0,0,0,0,0,0,0,0,105.17
0,0,103.44,102.1,105.8,-0.0254,105.08,0,0,0,0,0,0,0,102.41
0,0,106.46,102.95,108.61,0.0416,103.5,0,0,0,0,0,0,0,107.81
0,0,108.69,106.45,111.37,0.0063209,107.58,0,0,0,0,0,0,0,108.26
0,0,109.4,107.24,111.18,0.0098436,108.7,0,0,0,0,0,0,0,109.77
0,0,0.0,0.0,0.0,0.0,0.0,0,0,0,0,0,0,0,
0,0,0.0,0.0,0.0,0.0,0.0,0,0,0,0,0,0,0,
0,0,105.24,102.13,110.49,-0.0665,110.43,0,0,0,0,0,0,0,103.09
0,0,100.93,98.86,104.16,-0.0282,102.65,0,0,0,0,0,0,0,99.76
0,0,103.45,98.2,106.44,0.0678,99.0,0,0,0,0,0,0,0,105.71
0,0,105.39,102.66,107.37,0.0047335,105.63,0,0,0,0,0,0,0,106.13
0,0,109.14,106.29,110.64,0.036,106.65,0,0,0,0,0,0,0,110.49
0,0,0.0,0.0,0.0,0.0,0.0,0,0,0,0,0,0,0,
0,0,0.0,0.0,0.0,0.0,0.0,0,0,0,0,0,0,0,
0,0,112.4,108.11,114.9,0.029,110.98,0,0,0,0,0,0,0,114.2
0,0,113.24,111.75,115.56,-0.0129,113.87,0,0,0,0,0,0,0,112.4
0,0,111.16,108.46,115.42,-0.0358,113.66,0,0,0,0,0,0,0,109.59
0,0,109.99,105.13,112.62,0.0286,109.09,0,0,0,0,0,0,0,112.21
0,0,112.71,110.85,114.04,0.016,111.45,0,0,0,0,0,0,0,113.23
0,0,0.0,0.0,0.0,0.0,0.0,0,0,0,0,0,0,0,
0,0,0.0,0.0,0.0,0.0,0.0,0,0,0,0,0,0,0,
0,0,110.47,109.15,111.96,-0.0024421,110.56,0,0,0,0,0,0,0,110.29
0,0,109.94,108.61,111.43,-0.0057966,110.41,0,0,0,0,0,0,0,109.77
0,0,110.41,109.23,111.68,-0.0005435275,110.39,0,0,0,0,0,0,0,110.33
0,0,113.06,110.27,114.83,0.0307,110.69,0,0,0,0,0,0,0,114.09
0,0,114.41,112.85,115.3,0.0076182,114.2,0,0,0,0,0,0,0,115.07
0,0,0.0,0.0,0.0,0.0,0.0,0,0,0,0,0,0,0,
0,0,0.0,0.0,0.0,0.0,0.0,0,0,0,0,0,0,0,
0,0,0.0,0.0,0.0,0.0,0.0,0,0,0,0,0,0,0,
0,0,116.27,114.15,119.98,-0.0025226,114.96,0,0,0,0,0,0,0,114.67
0,0,115.9,114.58,117.87,-0.0012132,115.4,0,0,0,0,0,0,0,115.26
0,0,115.28,111.2,117.77,0.018,114.8,0,0,0,0,0,0,0,116.87
0,0,118.19,115.23,120.46,0.0112,117.55,0,0,0,0,0,0,0,118.87
0,0,0.0,0.0,0.0,0.0,0.0,0,0,0,0,0,0,0,
0,0,0.0,0.0,0.0,0.0,0.0,0,0,0,0,0,0,0,
0,0,119.04,117.63,120.99,-0.0192,120.82,0,0,0,0,0,0,0,118.5
0,0,118.97,117.14,120.36,0.0026029,119.1,0,0,0,0,0,0,0,119.41
0,0,121.53,119.3,123.18,0.0194,119.79,0,0,0,0,0,0,0,122.11
0,0,121.67,120.79,122.72,-0.0075145,122.43,0,0,0,0,0,0,0,121.51
0,0,120.58,118.33,122.75,-0.0065042,121.46,0,0,0,0,0,0,0,120.67
0,0,0.0,0.0,0.0,0.0,0.0,0,0,0,0,0,0,0,
0,0,0.0,0.0,0.0,0.0,0.0,0,0,0,0,0,0,0,
0,0,120.22,117.47,122.25,0.0061569,120.19,0,0,0,0,0,0,0,120.93
0,0,119.74,116.62,123.68,-0.0178,121.09,0,0,0,0,0,0,0,118.93
0,0,116.51,114.6,119.61,-0.0316,119.07,0,0,0,0,0,0,0,115.31
0,0,115.99,112.31,118.08,0.0139,115.98,0,0,0,0,0,0,0,117.59
0,0,112.26,108.25,118.97,-0.0642,117.08,0,0,0,0,0,0,0,109.56
0,0,0.0,0.0,0.0,0.0,0.0,0,0,0,0,0,0,0,
0,0,0.0,0.0,0.0,0.0,0.0,0,0,0,0,0,0,0,
0,0,0.0,0.0,0.0,0.0,0.0,0,0,0,0,0,0,0,
0,0,110.61,108.72,112.47,0.0006330259,110.58,0,0,0,0,0,0,0,110.65
0,0,105.83,101.53,109.76,-0.0306,109.54,0,0,0,0,0,0,0,106.19
0,0,104.55,102.32,107.05,-0.0014365,104.42,0,0,0,0,0,0,0,104.27
0,0,106.61,103.64,108.58,0.0349,103.99,0,0,0,0,0,0,0,107.62
0,0,0.0,0.0,0.0,0.0,0.0,0,0,0,0,0,0,0,
0,0,0.0,0.0,0.0,0.0,0.0,0,0,0,0,0,0,0,
0,0,108.57,105.6,110.54,0.0219,107.22,0,0,0,0,0,0,0,109.57
0,0,111.2,109.62,112.22,0.0143,110.18,0,0,0,0,0,0,0,111.76
0,0,111.02,109.22,114.05,-0.0186,111.86,0,0,0,0,0,0,0,109.78
0,0,107.1,105.1,110.45,-0.0359,109.7,0,0,0,0,0,0,0,105.76
0,0,107.44,104.56,109.34,0.0228,106.01,0,0,0,0,0,0,0,108.43
0,0,0.0,0.0,0.0,0.0,0.0,0,0,0,0,0,0,0,
0,0,0.0,0.0,0.0,0.0,0.0,0,0,0,0,0,0,0,
0,0,0.0,0.0,0.0,0.0,0.0,0,0,0,0,0,0,0,
0,0,102.79,97.43,111.45,-0.0855,108.8,0,0,0,0,0,0,0,99.5
0,0,98.59,95.1,102.14,-0.0182,100.36,0,0,0,0,0,0,0,98.53
0,0,101.26,96.57,104.48,0.0459,98.22,0,0,0,0,0,0,0,102.73
0,0,103.85,101.51,105.24,0.0251,102.22,0,0,0,0,0,0,0,104.79
0,0,0.0,0.0,0.0,0.0,0.0,0,0,0,0,0,0,0,
0,0,0.0,0.0,0.0,0.0,0.0,0,0,0,0,0,0,0,
0,0,103.34,100.89,105.05,-0.00668,104.79,0,0,0,0,0,0,0,104.09
0,0,98.23,95.35,103.49,-0.0737,103.46,0,0,0,0,0,0,0,95.84
0,0,95.98,93.67,97.96,0.0042757,95.89,0,0,0,0,0,0,0,96.3
0,0,94.45,90.56,97.0,-0.0081806,96.57,0,0,0,0,0,0,0,95.78
0,0,97.06,94.57,99.03,0.0124,96.39,0,0,0,0,0,0,0,97.59
0,0,0.0,0.0,0.0,0.0,0.0,0,0,0,0,0,0,0,
0,0,0.0,0.0,0.0,0.0,0.0,0,0,0,0,0,0,0,
0,0,100.42,95.85,102.8,0.0548,97.27,0,0,0,0,0,0,0,102.6
0,0,102.84,99.85,104.46,0.0218,102.0,0,0,0,0,0,0,0,104.22
0,0,102.72,101.51,104.39,-0.0129,103.6,0,0,0,0,0,0,0,102.26
0,0,96.98,94.59,99.99,-0.0356,99.91,0,0,0,0,0,0,0,96.35
0,0,95.63,94.23,97.95,-0.0188,96.51,0,0,0,0,0,0,0,94.7
0,0,0.0,0.0,0.0,0.0,0.0,0,0,0,0,0,0,0,
0,0,0.0,0.0,0.0,0.0,0.0,0,0,0,0,0,0,0,
0,0,95.55,93.01,96.94,0.0168,95.1,0,0,0,0,0,0,0,96.7
0,0,96.25,94.76,99.0,-0.014,96.33,0,0,0,0,0,0,0,94.98
0,0,96.72,94.3,98.59,0.0174,95.6,0,0,0,0,0,0,0,97.26
0,0,97.43,96.04,99.84,-0.0178,98.17,0,0,0,0,0,0,0,96.42
0,0,98.97,96.41,101.88,0.0136,97.3,0,0,0,0,0,0,0,98.62
0,0,0.0,0.0,0.0,0.0,0.0,0,0,0,0,0,0,0,
0,0,0.0,0.0,0.0,0.0,0.0,0,0,0,0,0,0,0,
0,0,94.99,92.42,98.65,-0.0464,98.46,0,0,0,0,0,0,0,93.89
0,0,94.49,92.59,96.47,0.0071467,93.75,0,0,0,0,0,0,0,94.42
0,0,92.54,90.38,96.57,-0.0338,93.83,0,0,0,0,0,0,0,90.66
0,0,89.33,87.55,91.9,-0.0265,90.95,0,0,0,0,0,0,0,88.54
0,0,88.93,87.01,90.76,0.0108,88.06,0,0,0,0,0,0,0,89.01
0,0,0.0,0.0,0.0,0.0,0.0,0,0,0,0,0,0,0,
0,0,0.0,0.0,0.0,0.0,0.0,0,0,0,0,0,0,0,
0,0,89.62,87.22,90.89,0.026,88.46,0,0,0,0,0,0,0,90.76
0,0,90.73,89.05,92.65,-0.002095,90.69,0,0,0,0,0,0,0,90.5
0,0,90.67,87.66,92.43,0.0157,90.51,0,0,0,0,0,0,0,91.93
0,0,93.54,91.24,95.05,0.0305,91.55,0,0,0,0,0,0,0,94.34
0,0,92.69,91.16,94.81,-0.0213,94.09,0,0,0,0,0,0,0,92.09
0,0,0.0,0.0,0.0,0.0,0.0,0,0,0,0,0,0,0,
0,0,0.0,0.0,0.0,0.0,0.0,0,0,0,0,0,0,0,
0,0,89.44,86.82,92.1,-0.0275,91.94,0,0,0,0,0,0,0,89.41
0,0,87.64,85.73,90.65,-0.0159,87.93,0,0,0,0,0,0,0,86.53
0,0,87.72,85.88,89.16,0.0116,87.1,0,0,0,0,0,0,0,88.11
0,0,89.76,87.32,91.46,0.0356,87.39,0,0,0,0,0,0,0,90.5
0,0,90.41,88.38,92.09,0.004204,90.39,0,0,0,0,0,0,0,90.77
0,0,0.0,0.0,0.0,0.0,0.0,0,0,0,0,0,0,0,
0,0,0.0,0.0,0.0,0.0,0.0,0,0,0,0,0,0,0,
0,0,89.36,86.6,91.26,0.0064696,89.65,0,0,0,0,0,0,0,90.23
0,0,92.79,90.42,94.22,0.0352,90.55,0,0,0,0,0,0,0,93.74
0,0,94.36,92.79,95.4,0.0118,93.78,0,0,0,0,0,0,0,94.89
0,0,93.52,92.29,95.76,-0.0297,95.35,0,0,0,0,0,0,0,92.52
0,0,92.72,91.08,94.02,0.0,93.06,0,0,0,0,0,0,0,93.06
0,0,0.0,0.0,0.0,0.0,0.0,0,0,0,0,0,0,0,
0,0,0.0,0.0,0.0,0.0,0.0,0,0,0,0,0,0,0,
0,0,95.56,92.29,97.37,0.0436,92.96,0,0,0,0,0,0,0,97.01
0,0,93.28,90.54,97.66,-0.0543,96.9,0,0,0,0,0,0,0,91.64
0,0,90.18,88.27,92.73,-0.0299,92.31,0,0,0,0,0,0,0,89.55
0,0,87.41,85.98,89.63,-0.025,88.83,0,0,0,0,0,0,0,86.61
0,0,87.63,86.35,89.66,0.0035813,86.56,0,0,0,0,0,0,0,86.87
0,0,0.0,0.0,0.0,0.0,0.0,0,0,0,0,0,0,0,
0,0,0.0,0.0,0.0,0.0,0.0,0,0,0,0,0,0,0,
0,0,0.0,0.0,0.0,0.0,0.0,0,0,0,0,0,0,0,
0,0,87.82,86.18,90.39,0.0004606172,86.84,0,0,0,0,0,0,0,86.88
0,0,83.73,81.5,87.76,-0.0574,86.93,0,0,0,0,0,0,0,81.94
0,0,83.0,81.2,84.25,0.0199,81.91,0,0,0,0,0,0,0,83.54
0,0,85.57,82.71,87.2,0.0482,82.8,0,0,0,0,0,0,0,86.79
0,0,0.0,0.0,0.0,0.0,0.0,0,0,0,0,0,0,0,
0,0,0.0,0.0,0.0,0.0,0.0,0,0,0,0,0,0,0,
0,0,87.35,85.16,89.1,0.0177,86.25,0,0,0,0,0,0,0,87.78
0,0,87.23,85.06,89.31,-0.0088546,88.09,0,0,0,0,0,0,0,87.31
0,0,88.28,86.18,90.19,0.0061406,87.94,0,0,0,0,0,0,0,88.48
0,0,86.26,84.53,89.15,-0.0429,88.91,0,0,0,0,0,0,0,85.1
0,0,85.32,84.27,86.59,-0.0005871301,85.16,0,0,0,0,0,0,0,85.11
0,0,0.0,0.0,0.0,0.0,0.0,0,0,0,0,0,0,0,
0,0,0.0,0.0,0.0,0.0,0.0,0,0,0,0,0,0,0,
0,0,84.68,82.1,86.22,0.0061026,85.21,0,0,0,0,0,0,0,85.73
0,0,84.81,83.52,86.45,-0.0135,85.61,0,0,0,0,0,0,0,84.45
0,0,84.04,82.49,86.68,-0.0155,84.25,0,0,0,0,0,0,0,82.94
0,0,83.96,82.4,86.0,0.005056,83.07,0,0,0,0,0,0,0,83.49
0,0,80.23,78.04,83.92,-0.0575,83.54,0,0,0,0,0,0,0,78.74
0,0,0.0,0.0,0.0,0.0,0.0,0,0,0,0,0,0,0,
0,0,0.0,0.0,0.0,0.0,0.0,0,0,0,0,0,0,0,
0,0,77.76,76.25,80.31,-0.0318,79.23,0,0,0,0,0,0,0,76.71
0,0,78.14,76.42,79.51,0.0265,76.47,0,0,0,0,0,0,0,78.5
0,0,80.35,76.55,82.34,0.0521,78.08,0,0,0,0,0,0,0,82.15
0,0,81.5,80.34,82.94,-0.0081807,81.9,0,0,0,0,0,0,0,81.23
0,0,80.4,79.14,82.56,-0.0275,81.74,0,0,0,0,0,0,0,79.49
0,0,0.0,0.0,0.0,0.0,0.0,0,0,0,0,0,0,0,
0,0,0.0,0.0,0.0,0.0,0.0,0,0,0,0,0,0,0,
0,0,83.02,80.87,84.56,0.0322,81.02,0,0,0,0,0,0,0,83.63
0,0,85.57,83.22,86.98,0.0397,83.22,0,0,0,0,0,0,0,86.52
0,0,87.2,85.42,88.42,0.0161,86.37,0,0,0,0,0,0,0,87.76
0,0,88.19,87.04,89.07,0.0042007,88.08,0,0,0,0,0,0,0,88.45
0,0,91.32,88.0,93.31,0.0417,88.93,0,0,0,0,0,0,0,92.64
0,0,0.0,0.0,0.0,0.0,0.0,0,0,0,0,0,0,0,
0,0,0.0,0.0,0.0,0.0,0.0,0,0,0,0,0,0,0,
0,0,91.77,90.54,93.64,-0.0251,93.48,0,0,0,0,0,0,0,91.13
0,0,89.54,87.91,91.35,-0.0196,91.14,0,0,0,0,0,0,0,89.35
0,0,87.87,86.28,90.07,-0.0158,88.67,0,0,0,0,0,0,0,87.27
0,0,88.11,85.56,89.66,0.0233,87.08,0,0,0,0,0,0,0,89.11
0,0,86.85,85.2,89.73,-0.041,89.27,0,0,0,0,0,0,0,85.61
0,0,0.0,0.0,0.0,0.0,0.0,0,0,0,0,0,0,0,
0,0,0.0,0.0,0.0,0.0,0.0,0,0,0,0,0,0,0,
0,0,85.73,84.61,87.12,-0.0015189,85.59,0,0,0,0,0,0,0,85.46
0,0,83.81,82.09,86.51,-0.0336,85.7,0,0,0,0,0,0,0,82.82
0,0,84.78,82.59,86.2,0.0222,83.69,0,0,0,0,0,0,0,85.55
0,0,86.46,85.22,88.17,0.000465441,85.94,0,0,0,0,0,0,0,85.98
0,0,84.7,83.15,85.9,-0.0002351005,85.07,0,0,0,0,0,0,0,85.05
0,0,0.0,0.0,0.0,0.0,0.0,0,0,0,0,0,0,0,
0,0,0.0,0.0,0.0,0.0,0.0,0,0,0,0,0,0,0,
0,0,84.38,82.63,85.92,-0.0077428,85.24,0,0,0,0,0,0,0,84.58
0,0,84.8,83.06,86.03,0.0051838,84.88,0,0,0,0,0,0,0,85.32
0,0,86.82,84.14,88.41,0.0334,85.07,0,0,0,0,0,0,0,87.91
0,0,88.73,87.33,89.79,0.0092907,88.26,0,0,0,0,0,0,0,89.08
0,0,87.91,87.08,88.76,-0.0086839,88.67,0,0,0,0,0,0,0,87.9
0,0,0.0,0.0,0.0,0.0,0.0,0,0,0,0,0,0,0,
0,0,0.0,0.0,0.0,0.0,0.0,0,0,0,0,0,0,0,
0,0,86.83,85.3,88.65,-0.021,88.39,0,0,0,0,0,0,0,86.53
0,0,87.91,85.92,89.45,0.0224,86.43,0,0,0,0,0,0,0,88.37
0,0,89.36,87.72,90.36,0.0156,88.62,0,0,0,0,0,0,0,90.0
0,0,88.48,87.6,89.67,-0.0132,89.35,0,0,0,0,0,0,0,88.17
0,0,91.1,87.82,92.87,0.0536,87.9,0,0,0,0,0,0,0,92.61
0,0,0.0,0.0,0.0,0.0,0.0,0,0,0,0,0,0,0,
0,0,0.0,0.0,0.0,0.0,0.0,0,0,0,0,0,0,0,
0,0,91.98,90.4,93.74,0.0086813,91.0,0,0,0,0,0,0,0,91.79
0,0,89.87,88.52,92.17,-0.0322,91.87,0,0,0,0,0,0,0,88.91
0,0,86.86,85.5,89.24,-0.0309,88.57,0,0,0,0,0,0,0,85.83
0,0,86.17,84.7,87.35,0.0072219,85.85,0,0,0,0,0,0,0,86.47
0,0,88.41,86.18,90.1,0.0312,86.27,0,0,0,0,0,0,0,88.96
0,0,0.0,0.0,0.0,0.0,0.0,0,0,0,0,0,0,0,
0,0,0.0,0.0,0.0,0.0,0.0,0,0,0,0,0,0,0,
0,0,86.95,85.15,89.84,-0.0354,89.02,0,0,0,0,0,0,0,85.87
0,0,86.55,84.06,88.68,0.0196,85.25,0,0,0,0,0,0,0,86.92
0,0,85.77,84.2,87.51,-0.015,86.89,0,0,0,0,0,0,0,85.59
0,0,82.83,81.4,85.45,-0.042,85.22,0,0,0,0,0,0,0,81.64
0,0,79.99,77.24,82.64,-0.0245,82.09,0,0,0,0,0,0,0,80.08
0,0,0.0,0.0,0.0,0.0,0.0,0,0,0,0,0,0,0,
0,0,0.0,0.0,0.0,0.0,0.0,0,0,0,0,0,0,0,
0,0,78.37,75.08,80.3,-0.0070984,80.3,0,0,0,0,0,0,0,79.73
0,0,81.05,79.85,82.36,0.0091,80.22,0,0,0,0,0,0,0,80.95
0,0,78.91,76.83,81.95,-0.0387,81.08,0,0,0,0,0,0,0,77.94
0,0,0.0,0.0,0.0,0.0,0.0,0,0,0,0,0,0,0,
0,0,77.47,76.22,79.9,-0.0159,77.51,0,0,0,0,0,0,0,76.28
0,0,0.0,0.0,0.0,0.0,0.0,0,0,0,0,0,0,0,
0,0,0.0,0.0,0.0,0.0,0.0,0,0,0,0,0,0,0,
0,0,76.23,73.6,77.84,0.0173,75.93,0,0,0,0,0,0,0,77.24
0,0,78.05,76.29,79.65,0.0217,76.54,0,0,0,0,0,0,0,78.2
0,0,80.11,78.4,81.38,0.0196,79.0,0,0,0,0,0,0,0,80.55
0,0,81.5,79.93,83.34,0.0102,80.4,0,0,0,0,0,0,0,81.22
0,0,80.62,79.65,82.22,-0.0183,81.47,0,0,0,0,0,0,0,79.98
0,0,0.0,0.0,0.0,0.0,0.0,0,0,0,0,0,0,0,
0,0,0.0,0.0,0.0,0.0,0.0,0,0,0,0,0,0,0,
0,0,78.81,76.77,82.72,-0.0383,79.99,0,0,0,0,0,0,0,76.93
0,0,75.18,73.41,77.88,-0.0401,77.35,0,0,0,0,0,0,0,74.25
0,0,73.05,71.75,75.38,-0.0341,74.55,0,0,0,0,0,0,0,72.01
0,0,72.67,71.12,75.44,-0.0127,72.38,0,0,0,0,0,0,0,71.46
0,0,71.34,70.08,72.92,-0.0116,71.85,0,0,0,0,0,0,0,71.02
0,0,0.0,0.0,0.0,0.0,0.0,0,0,0,0,0,0,0,
0,0,0.0,0.0,0.0,0.0,0.0,0,0,0,0,0,0,0,
0,0,72.47,70.25,73.99,0.0192,71.79,0,0,0,0,0,0,0,73.17
0,0,74.99,73.21,76.37,0.0287,73.29,0,0,0,0,0,0,0,75.39
0,0,76.64,74.9,77.75,0.0267,75.27,0,0,0,0,0,0,0,77.28
0,0,76.4,75.33,77.77,-0.0163,77.37,0,0,0,0,0,0,0,76.11
0,0,74.73,73.33,76.57,-0.0272,76.37,0,0,0,0,0,0,0,74.29
0,0,0.0,0.0,0.0,0.0,0.0,0,0,0,0,0,0,0,
0,0,0.0,0.0,0.0,0.0,0.0,0,0,0,0,0,0,0,
0,0,75.14,73.81,76.41,0.0092617,74.5,0,0,0,0,0,0,0,75.19
0,0,75.72,74.31,76.75,0.0051519,75.7,0,0,0,0,0,0,0,76.09
0,0,77.57,75.8,78.61,0.0303,75.99,0,0,0,0,0,0,0,78.29
0,0,78.14,77.03,79.9,-0.012,78.43,0,0,0,0,0,0,0,77.49
0,0,79.29,77.98,80.33,0.0177,78.18,0,0,0,0,0,0,0,79.56
0,0,0.0,0.0,0.0,0.0,0.0,0,0,0,0,0,0,0,
0,0,0.0,0.0,0.0,0.0,0.0,0,0,0,0,0,0,0,
0,0,0.0,0.0,0.0,0.0,0.0,0,0,0,0,0,0,0,
0,0,79.96,79.16,81.18,-0.0046308,79.9,0,0,0,0,0,0,0,79.53
0,0,78.73,77.3,79.92,-0.0116,79.89,0,0,0,0,0,0,0,78.96
0,0,78.0,76.79,78.82,-0.0053286,78.82,0,0,0,0,0,0,0,78.4
0,0,79.55,77.71,80.67,0.0194,78.73,0,0,0,0,0,0,0,80.26
0,0,0.0,0.0,0.0,0.0,0.0,0,0,0,0,0,0,0,
0,0,0.0,0.0,0.0,0.0,0.0,0,0,0,0,0,0,0,
0,0,0.0,0.0,0.0,0.0,0.0,0,0,0,0,0,0,0,
0,0,78.34,76.6,81.5,-0.0452,80.57,0,0,0,0,0,0,0,76.93
0,0,74.33,72.73,77.42,-0.0571,77.25,0,0,0,0,0,0,0,72.84
0,0,73.68,72.46,74.92,0.0057338,73.25,0,0,0,0,0,0,0,73.67
0,0,74.16,73.24,75.47,-0.0027038,73.97,0,0,0,0,0,0,0,73.77
0,0,0.0,0.0,0.0,0.0,0.0,0,0,0,0,0,0,0,
0,0,0.0,0.0,0.0,0.0,0.0,0,0,0,0,0,0,0,
0,0,74.95,73.47,76.74,0.0158,73.47,0,0,0,0,0,0,0,74.63
0,0,74.96,73.84,75.92,0.0034731,74.86,0,0,0,0,0,0,0,75.12
0,0,76.52,74.31,77.84,0.0352,74.78,0,0,0,0,0,0,0,77.41
0,0,78.22,77.1,79.16,0.0088803,77.7,0,0,0,0,0,0,0,78.39
0,0,79.31,77.97,80.11,0.0197,78.32,0,0,0,0,0,0,0,79.86
0,0,0.0,0.0,0.0,0.0,0.0,0,0,0,0,0,0,0,
0,0,0.0,0.0,0.0,0.0,0.0,0,0,0,0,0,0,0,
0,0,0.0,0.0,0.0,0.0,0.0,0,0,0,0,0,0,0,
0,0,79.98,78.53,81.23,0.0009987516,80.1,0,0,0,0,0,0,0,80.18
0,0,80.27,78.94,82.38,-0.0184,80.97,0,0,0,0,0,0,0,79.48
0,0,79.88,78.13,81.18,0.015,79.14,0,0,0,0,0,0,0,80.33
0,0,80.88,79.69,81.64,0.0088089,80.6,0,0,0,0,0,0,0,81.31
0,0,0.0,0.0,0.0,0.0,0.0,0,0,0,0,0,0,0,
0,0,0.0,0.0,0.0,0.0,0.0,0,0,0,0,0,0,0,
0,0,81.77,81.05,82.64,-0.0020785,81.79,0,0,0,0,0,0,0,81.62
0,0,80.67,79.66,82.22,-0.0183,81.62,0,0,0,0,0,0,0,80.13
0,0,80.28,79.45,81.23,-0.0013705,80.26,0,0,0,0,0,0,0,80.15
0,0,81.02,79.92,82.14,0.0065855,80.48,0,0,0,0,0,0,0,81.01
0,0,80.4,79.04,82.48,-0.019,81.22,0,0,0,0,0,0,0,79.68
0,0,0.0,0.0,0.0,0.0,0.0,0,0,0,0,0,0,0,
0,0,0.0,0.0,0.0,0.0,0.0,0,0,0,0,0,0,0,
0,0,78.68,77.66,80.49,-0.0267,80.04,0,0,0,0,0,0,0,77.9
0,0,78.22,76.55,79.25,0.0123,77.91,0,0,0,0,0,0,0,78.87
0,0,77.4,76.05,79.73,-0.0335,79.06,0,0,0,0,0,0,0,76.41
0,0,76.03,74.97,77.24,-0.0119,76.79,0,0,0,0,0,0,0,75.88
0,0,74.83,73.1,78.0,-0.0333,75.92,0,0,0,0,0,0,0,73.39
0,0,0.0,0.0,0.0,0.0,0.0,0,0,0,0,0,0,0,
0,0,0.0,0.0,0.0,0.0,0.0,0,0,0,0,0,0,0,
0,0,73.62,72.25,74.51,0.012,73.23,0,0,0,0,0,0,0,74.11
0,0,76.36,74.35,77.6,0.0345,74.57,0,0,0,0,0,0,0,77.14
0,0,78.04,77.08,78.57,0.0126,77.49,0,0,0,0,0,0,0,78.47
0,0,77.81,76.52,78.84,-0.0049713,78.45,0,0,0,0,0,0,0,78.06
0,0,79.17,77.47,80.33,0.0263,77.68,0,0,0,0,0,0,0,79.72
0,0,0.0,0.0,0.0,0.0,0.0,0,0,0,0,0,0,0,
0,0,0.0,0.0,0.0,0.0,0.0,0,0,0,0,0,0,0,
0,0,79.74,78.45,80.62,0.0025019,79.94,0,0,0,0,0,0,0,80.14
0,0,78.71,77.46,79.61,0.0,79.06,0,0,0,0,0,0,0,79.06
0,0,78.33,77.25,79.15,-0.0030445,78.83,0,0,0,0,0,0,0,78.59
0,0,78.65,77.92,79.54,-0.0006366183,78.54,0,0,0,0,0,0,0,78.49
0,0,76.55,75.06,78.25,-0.0222,78.07,0,0,0,0,0,0,0,76.34
0,0,0.0,0.0,0.0,0.0,0.0,0,0,0,0,0,0,0,
0,0,0.0,0.0,0.0,0.0,0.0,0,0,0,0,0,0,0,
0,0,0.0,0.0,0.0,0.0,0.0,0,0,0,0,0,0,0,
0,0,76.45,75.69,77.51,-0.0048347,76.53,0,0,0,0,0,0,0,76.16
0,0,74.77,73.8,76.55,-0.0284,76.11,0,0,0,0,0,0,0,73.95
0,0,75.07,73.83,75.99,0.0199,73.92,0,0,0,0,0,0,0,75.39
0,0,75.68,74.09,76.63,0.0095238,75.6,0,0,0,0,0,0,0,76.32
0,0,0.0,0.0,0.0,0.0,0.0,0,0,0,0,0,0,0,
0,0,0.0,0.0,0.0,0.0,0.0,0,0,0,0,0,0,0,
0,0,75.83,74.99,76.82,-0.0096833,76.42,0,0,0,0,0,0,0,75.68
0,0,76.81,75.55,77.83,0.017,75.76,0,0,0,0,0,0,0,77.05
0,0,77.22,76.12,77.85,0.0109,76.85,0,0,0,0,0,0,0,77.69
0,0,77.99,77.23,78.59,0.0054026,77.74,0,0,0,0,0,0,0,78.16
0,0,78.47,75.83,79.9,0.023,77.89,0,0,0,0,0,0,0,79.68
0,0,0.0,0.0,0.0,0.0,0.0,0,0,0,0,0,0,0,
0,0,0.0,0.0,0.0,0.0,0.0,0,0,0,0,0,0,0,
0,0,79.8,78.32,80.63,0.0067568,79.92,0,0,0,0,0,0,0,80.46
0,0,78.53,77.06,80.94,-0.0363,80.5,0,0,0,0,0,0,0,77.58
0,0,76.83,76.11,77.73,-0.008536,77.32,0,0,0,0,0,0,0,76.66
0,0,76.4,75.43,78.06,-0.0102,76.5,0,0,0,0,0,0,0,75.72
0,0,76.19,74.77,77.11,0.0136,75.65,0,0,0,0,0,0,0,76.68
0,0,0.0,0.0,0.0,0.0,0.0,0,0,0,0,0,0,0,
0,0,0.0,0.0,0.0,0.0,0.0,0,0,0,0,0,0,0,
0,0,74.86,72.3,77.47,-0.0235,76.6,0,0,0,0,0,0,0,74.8
0,0,72.34,70.78,74.9,-0.0451,74.7,0,0,0,0,0,0,0,71.33
0,0,68.61,65.65,72.56,-0.0552,71.56,0,0,0,0,0,0,0,67.61
0,0,67.81,65.71,69.38,0.0019056,68.22,0,0,0,0,0,0,0,68.35
0,0,67.18,65.17,69.64,-0.0223,68.26,0,0,0,0,0,0,0,66.74
0,0,0.0,0.0,0.0,0.0,0.0,0,0,0,0,0,0,0,
0,0,0.0,0.0,0.0,0.0,0.0,0,0,0,0,0,0,0,
0,0,66.49,64.12,67.7,0.0153,66.62,0,0,0,0,0,0,0,67.64
0,0,68.57,66.77,69.6,0.0253,67.62,0,0,0,0,0,0,0,69.33
0,0,70.37,68.89,71.31,0.0204,69.48,0,0,0,0,0,0,0,70.9
0,0,70.26,69.14,71.67,0.0001429593,69.95,0,0,0,0,0,0,0,69.96
0,0,68.82,66.82,70.38,-0.0035966,69.51,0,0,0,0,0,0,0,69.26
0,0,0.0,0.0,0.0,0.0,0.0,0,0,0,0,0,0,0,
0,0,0.0,0.0,0.0,0.0,0.0,0,0,0,0,0,0,0,
0,0,71.68,69.13,73.1,0.0488,69.42,0,0,0,0,0,0,0,72.81
0,0,73.11,72.19,73.93,0.0046665,72.86,0,0,0,0,0,0,0,73.2
0,0,73.37,72.76,74.37,-0.0086945,73.61,0,0,0,0,0,0,0,72.97
0,0,73.87,72.61,74.63,0.019,72.98,0,0,0,0,0,0,0,74.37
0,0,75.05,73.77,75.72,0.0175,74.37,0,0,0,0,0,0,0,75.67
0,0,0.0,0.0,0.0,0.0,0.0,0,0,0,0,0,0,0,
0,0,0.0,0.0,0.0,0.0,0.0,0,0,0,0,0,0,0,
0,0,80.37,79.0,81.69,0.003995,80.1,0,0,0,0,0,0,0,80.42
0,0,80.71,79.61,81.81,0.0033565,80.44,0,0,0,0,0,0,0,80.71
0,0,80.52,79.72,81.24,-0.0049377,81.01,0,0,0,0,0,0,0,80.61
0,0,80.44,79.65,80.96,0.004106,80.37,0,0,0,0,0,0,0,80.7
0,0,0.0,0.0,0.0,0.0,0.0,0,0,0,0,0,0,0,
0,0,0.0,0.0,0.0,0.0,0.0,0,0,0,0,0,0,0,
0,0,0.0,0.0,0.0,0.0,0.0,0,0,0,0,0,0,0,
0,0,80.19,79.61,81.22,-0.009441,80.5,0,0,0,0,0,0,0,79.74
0,0,80.83,79.37,81.59,0.0207,79.88,0,0,0,0,0,0,0,81.53
0,0,82.69,81.28,83.53,0.0223,81.44,0,0,0,0,0,0,0,83.26
0,0,82.57,82.11,83.44,-0.0127,83.22,0,0,0,0,0,0,0,82.16
0,0,82.47,81.76,83.12,0.0014563,82.4,0,0,0,0,0,0,0,82.52
0,0,0.0,0.0,0.0,0.0,0.0,0,0,0,0,0,0,0,
0,0,0.0,0.0,0.0,0.0,0.0,0,0,0,0,0,0,0,
0,0,81.34,80.47,82.71,-0.02,82.48,0,0,0,0,0,0,0,80.83
0,0,80.74,79.87,81.48,-0.0017284,81.0,0,0,0,0,0,0,0,80.86
0,0,79.6,78.46,81.18,-0.0217,80.92,0,0,0,0,0,0,0,79.16
0,0,77.72,76.97,78.89,-0.02,78.87,0,0,0,0,0,0,0,77.29
0,0,77.66,76.72,78.39,0.0095942,77.13,0,0,0,0,0,0,0,77.87
0,0,0.0,0.0,0.0,0.0,0.0,0,0,0,0,0,0,0,
0,0,0.0,0.0,0.0,0.0,0.0,0,0,0,0,0,0,0,
0,0,78.22,76.72,79.18,0.0101,77.97,0,0,0,0,0,0,0,78.76
0,0,77.55,76.5,79.07,-0.0212,78.74,0,0,0,0,0,0,0,77.07
0,0,75.43,74.05,77.93,-0.0361,77.08,0,0,0,0,0,0,0,74.3
0,0,74.69,74.03,75.28,0.0051089,74.38,0,0,0,0,0,0,0,74.76
0,0,75.88,73.93,76.92,0.025,74.91,0,0,0,0,0,0,0,76.78
0,0,0.0,0.0,0.0,0.0,0.0,0,0,0,0,0,0,0,
0,0,0.0,0.0,0.0,0.0,0.0,0,0,0,0,0,0,0,
0,0,75.63,74.53,76.69,-0.013,76.66,0,0,0,0,0,0,0,75.66
0,0,73.06,71.42,76.11,-0.0541,75.76,0,0,0,0,0,0,0,71.66
0,0,69.45,67.95,71.79,-0.0414,71.56,0,0,0,0,0,0,0,68.6
0,0,67.35,63.64,69.84,0.0058685,68.16,0,0,0,0,0,0,0,68.56
0,0,70.54,68.48,71.81,0.0384,68.7,0,0,0,0,0,0,0,71.34
0,0,0.0,0.0,0.0,0.0,0.0,0,0,0,0,0,0,0,
0,0,0.0,0.0,0.0,0.0,0.0,0,0,0,0,0,0,0,
0,0,72.63,71.04,73.69,0.0254,71.35,0,0,0,0,0,0,0,73.16
0,0,72.94,71.34,73.78,0.0119,72.84,0,0,0,0,0,0,0,73.71
0,0,72.75,71.8,73.89,-0.0139,73.58,0,0,0,0,0,0,0,72.56
0,0,71.67,70.63,73.5,-0.0261,72.77,0,0,0,0,0,0,0,70.87
0,0,70.58,69.93,71.78,-0.0193,71.42,0,0,0,0,0,0,0,70.04
0,0,0.0,0.0,0.0,0.0,0.0,0,0,0,0,0,0,0,
0,0,0.0,0.0,0.0,0.0,0.0,0,0,0,0,0,0,0,
0,0,70.74,69.41,71.69,0.0153,70.04,0,0,0,0,0,0,0,71.11
0,0,71.03,70.45,71.79,-0.0064498,71.32,0,0,0,0,0,0,0,70.86
0,0,72.04,70.04,73.26,0.0316,70.6,0,0,0,0,0,0,0,72.83
0,0,72.05,71.42,72.87,-0.0122,72.75,0,0,0,0,0,0,0,71.86
0,0,71.99,71.03,73.4,-0.0054212,71.94,0,0,0,0,0,0,0,71.55
0,0,0.0,0.0,0.0,0.0,0.0,0,0,0,0,0,0,0,
0,0,0.0,0.0,0.0,0.0,0.0,0,0,0,0,0,0,0,
0,0,71.63,70.55,72.36,0.0040446,71.7,0,0,0,0,0,0,0,71.99
0,0,72.8,71.71,73.79,0.0112,72.1,0,0,0,0,0,0,0,72.91
0,0,74.07,73.13,74.73,0.0077267,73.77,0,0,0,0,0,0,0,74.34
0,0,72.39,70.98,74.37,-0.0321,74.21,0,0,0,0,0,0,0,71.83
0,0,72.4,71.49,73.05,0.0108,71.89,0,0,0,0,0,0,0,72.67
0,0,0.0,0.0,0.0,0.0,0.0,0,0,0,0,0,0,0,
0,0,0.0,0.0,0.0,0.0,0.0,0,0,0,0,0,0,0,
0,0,0.0,0.0,0.0,0.0,0.0,0,0,0,0,0,0,0,
0,0,70.68,69.02,73.55,-0.0515,73.23,0,0,0,0,0,0,0,69.46
0,0,68.27,67.03,69.69,-0.022,69.62,0,0,0,0,0,0,0,68.09
0,0,69.56,67.51,71.07,0.037,67.6,0,0,0,0,0,0,0,70.1
0,0,71.3,70.0,72.17,0.0218,70.21,0,0,0,0,0,0,0,71.74
0,0,0.0,0.0,0.0,0.0,0.0,0,0,0,0,0,0,0,
0,0,0.0,0.0,0.0,0.0,0.0,0,0,0,0,0,0,0,
0,0,72.98,71.73,75.06,-0.0384,75.03,0,0,0,0,0,0,0,72.15
0,0,71.4,70.13,72.33,-0.0034727,71.99,0,0,0,0,0,0,0,71.74
0,0,72.24,71.01,73.19,0.0136,71.56,0,0,0,0,0,0,0,72.53
0,0,71.2,69.03,73.28,-0.0163,72.47,0,0,0,0,0,0,0,71.29
0,0,70.68,70.1,71.77,-0.0109,70.94,0,0,0,0,0,0,0,70.17
0,0,0.0,0.0,0.0,0.0,0.0,0,0,0,0,0,0,0,
0,0,0.0,0.0,0.0,0.0,0.0,0,0,0,0,0,0,0,
0,0,68.08,66.8,70.33,-0.0448,70.27,0,0,0,0,0,0,0,67.12
0,0,68.8,67.15,69.83,0.0313,67.31,0,0,0,0,0,0,0,69.42
0,0,68.94,68.07,70.49,-0.0156,69.35,0,0,0,0,0,0,0,68.27
0,0,69.85,67.97,70.96,0.0279,68.7,0,0,0,0,0,0,0,70.62
0,0,71.21,69.95,71.89,0.0174,70.55,0,0,0,0,0,0,0,71.78
0,0,0.0,0.0,0.0,0.0,0.0,0,0,0,0,0,0,0,
0,0,0.0,0.0,0.0,0.0,0.0,0,0,0,0,0,0,0,
0,0,0.0,0.0,0.0,0.0,0.0,0,0,0,0,0,0,0,
0,0,70.75,69.65,72.09,-0.0133,71.45,0,0,0,0,0,0,0,70.5
0,0,72.02,70.8,72.72,0.023,70.9,0,0,0,0,0,0,0,72.53
0,0,70.36,68.93,72.65,-0.0403,72.43,0,0,0,0,0,0,0,69.51
0,0,68.72,67.35,69.65,-0.0053214,69.53,0,0,0,0,0,0,0,69.16
0,0,0.0,0.0,0.0,0.0,0.0,0,0,0,0,0,0,0,
0,0,0.0,0.0,0.0,0.0,0.0,0,0,0,0,0,0,0,
0,0,69.4,68.71,70.11,-0.0067297,69.84,0,0,0,0,0,0,0,69.37
0,0,68.45,67.5,70.15,-0.0258,69.49,0,0,0,0,0,0,0,67.7
0,0,68.78,67.05,69.73,0.0228,68.01,0,0,0,0,0,0,0,69.56
0,0,69.8,68.93,70.6,0.0088087,69.25,0,0,0,0,0,0,0,69.86
0,0,70.4,69.53,71.04,0.0117,69.82,0,0,0,0,0,0,0,70.64
0,0,0.0,0.0,0.0,0.0,0.0,0,0,0,0,0,0,0,
0,0,0.0,0.0,0.0,0.0,0.0,0,0,0,0,0,0,0,
0,0,70.42,69.69,71.77,-0.0093683,70.45,0,0,0,0,0,0,0,69.79
0,0,0.0,0.0,0.0,0.0,0.0,0,0,0,0,0,0,0,
0,0,71.29,69.9,72.17,0.0234,70.15,0,0,0,0,0,0,0,71.79
0,0,71.45,70.22,72.34,0.0,71.8,0,0,0,0,0,0,0,71.8
0,0,72.99,71.19,73.92,0.0274,71.89,0,0,0,0,0,0,0,73.86
0,0,0.0,0.0,0.0,0.0,0.0,0,0,0,0,0,0,0,
0,0,0.0,0.0,0.0,0.0,0.0,0,0,0,0,0,0,0,
0,0,73.27,72.67,74.15,-0.0118,73.86,0,0,0,0,0,0,0,72.99
0,0,74.26,72.98,74.96,0.0224,73.19,0,0,0,0,0,0,0,74.83
0,0,75.52,74.67,76.15,0.0123,74.83,0,0,0,0,0,0,0,75.75
0,0,76.51,75.32,77.33,0.0137,75.85,0,0,0,0,0,0,0,76.89
0,0,75.94,75.11,77.3,-0.0226,77.16,0,0,0,0,0,0,0,75.42
0,0,0.0,0.0,0.0,0.0,0.0,0,0,0,0,0,0,0,
0,0,0.0,0.0,0.0,0.0,0.0,0,0,0,0,0,0,0,
0,0,74.69,73.84,76.09,-0.0116,75.02,0,0,0,0,0,0,0,74.15
0,0,75.2,73.88,75.96,0.0212,74.18,0,0,0,0,0,0,0,75.75
0,0,75.8,75.07,76.97,-0.006461,75.84,0,0,0,0,0,0,0,75.35
0,0,75.5,74.72,76.15,0.003716,75.35,0,0,0,0,0,0,0,75.63
0,0,76.68,75.69,77.29,0.0181,75.7,0,0,0,0,0,0,0,77.07
0,0,0.0,0.0,0.0,0.0,0.0,0,0,0,0,0,0,0,
0,0,0.0,0.0,0.0,0.0,0.0,0,0,0,0,0,0,0,
0,0,78.15,76.44,79.28,0.0225,77.01,0,0,0,0,0,0,0,78.74
0,0,79.27,78.29,79.9,0.0098922,78.85,0,0,0,0,0,0,0,79.63
0,0,79.03,78.55,79.77,-0.0070582,79.34,0,0,0,0,0,0,0,78.78
0,0,79.85,78.87,80.6,0.0151,78.9,0,0,0,0,0,0,0,80.09
0,0,80.12,79.07,80.71,0.0092685,79.84,0,0,0,0,0,0,0,80.58
0,0,0.0,0.0,0.0,0.0,0.0,0,0,0,0,0,0,0,
0,0,0.0,0.0,0.0,0.0,0.0,0,0,0,0,0,0,0,
0,0,81.31,80.13,82.0,0.0143,80.65,0,0,0,0,0,0,0,81.8
0,0,81.39,80.59,82.22,-0.0044047,81.73,0,0,0,0,0,0,0,81.37
0,0,80.32,79.05,82.43,-0.0312,82.05,0,0,0,0,0,0,0,79.49
0,0,80.7,78.69,81.86,0.0223,79.77,0,0,0,0,0,0,0,81.55
0,0,82.52,81.51,83.24,0.0133,81.73,0,0,0,0,0,0,0,82.82
0,0,0.0,0.0,0.0,0.0,0.0,0,0,0,0,0,0,0,
0,0,0.0,0.0,0.0,0.0,0.0,0,0,0,0,0,0,0,
0,0,82.25,81.52,83.3,-0.0106,82.82,0,0,0,0,0,0,0,81.94
0,0,81.97,79.9,83.08,0.0047256,82.53,0,0,0,0,0,0,0,82.92
0,0,83.91,82.67,84.65,0.0183,82.88,0,0,0,0,0,0,0,84.4
0,0,83.43,82.58,84.89,-0.017,84.25,0,0,0,0,0,0,0,82.82
0,0,83.08,82.23,83.81,0.0043463,82.83,0,0,0,0,0,0,0,83.19
0,0,0.0,0.0,0.0,0.0,0.0,0,0,0,0,0,0,0,
0,0,0.0,0.0,0.0,0.0,0.0,0,0,0,0,0,0,0,
0,0,82.49,81.76,83.2,-0.0069804,83.09,0,0,0,0,0,0,0,82.51
0,0,81.43,80.4,82.91,-0.0185,82.52,0,0,0,0,0,0,0,80.99
0,0,79.95,79.05,81.43,-0.0228,81.23,0,0,0,0,0,0,0,79.38
0,0,80.14,78.95,81.08,0.0144,79.25,0,0,0,0,0,0,0,80.39
0,0,80.82,79.59,81.61,0.0151,80.04,0,0,0,0,0,0,0,81.25
0,0,0.0,0.0,0.0,0.0,0.0,0,0,0,0,0,0,0,
0,0,0.0,0.0,0.0,0.0,0.0,0,0,0,0,0,0,0,
0,0,81.27,80.61,82.47,-0.0087191,81.43,0,0,0,0,0,0,0,80.72
0,0,80.48,80.1,80.99,-0.0055693,80.8,0,0,0,0,0,0,0,80.35
0,0,78.81,77.62,79.91,-0.0094174,79.64,0,0,0,0,0,0,0,78.89
0,0,78.64,77.59,79.28,0.0061092,78.57,0,0,0,0,0,0,0,79.05
0,0,79.47,78.14,80.45,0.012,78.88,0,0,0,0,0,0,0,79.83
0,0,0.0,0.0,0.0,0.0,0.0,0,0,0,0,0,0,0,
0,0,0.0,0.0,0.0,0.0,0.0,0,0,0,0,0,0,0,
0,0,80.19,79.61,80.87,-0.0006238303,80.15,0,0,0,0,0,0,0,80.1
0,0,80.64,79.34,81.41,0.0148,79.98,0,0,0,0,0,0,0,81.16
0,0,81.52,80.88,82.05,0.0041826,81.29,0,0,0,0,0,0,0,81.63
0,0,82.93,81.48,83.69,0.0236,81.7,0,0,0,0,0,0,0,83.63
0,0,85.02,83.46,86.06,0.023,83.63,0,0,0,0,0,0,0,85.55
0,0,0.0,0.0,0.0,0.0,0.0,0,0,0,0,0,0,0,
0,0,0.0,0.0,0.0,0.0,0.0,0,0,0,0,0,0,0,
0,0,0.0,0.0,0.0,0.0,0.0,0,0,0,0,0,0,0,
0,0,86.59,85.02,88.07,0.0073205,86.06,0,0,0,0,0,0,0,86.69
0,0,87.18,85.93,88.08,0.0094557,86.72,0,0,0,0,0,0,0,87.54
0,0,87.0,86.39,87.74,-0.0076536,87.54,0,0,0,0,0,0,0,86.87
0,0,87.2,86.15,87.95,0.0084121,86.78,0,0,0,0,0,0,0,87.51
0,0,0.0,0.0,0.0,0.0,0.0,0,0,0,0,0,0,0,
0,0,0.0,0.0,0.0,0.0,0.0,0,0,0,0,0,0,0,
0,0,87.38,86.71,88.15,-0.0012586,87.4,0,0,0,0,0,0,0,87.29
0,0,88.48,87.22,89.37,0.018,87.27,0,0,0,0,0,0,0,88.84
0,0,88.82,88.29,89.64,-0.0025915,88.75,0,0,0,0,0,0,0,88.52
0,0,89.88,88.68,90.79,0.0152,88.81,0,0,0,0,0,0,0,90.16
0,0,90.41,89.22,91.23,0.0011029,90.67,0,0,0,0,0,0,0,90.77
0,0,0.0,0.0,0.0,0.0,0.0,0,0,0,0,0,0,0,
0,0,0.0,0.0,0.0,0.0,0.0,0,0,0,0,0,0,0,
0,0,91.55,90.75,92.43,0.0030702,91.2,0,0,0,0,0,0,0,91.48
0,0,92.0,91.07,93.74,-0.0111,92.22,0,0,0,0,0,0,0,91.2
0,0,90.71,89.87,91.98,-0.0139,91.55,0,0,0,0,0,0,0,90.28
0,0,89.66,88.37,90.98,0.0036954,89.3,0,0,0,0,0,0,0,89.63
0,0,90.22,89.31,91.33,0.0045749,89.62,0,0,0,0,0,0,0,90.03
0,0,0.0,0.0,0.0,0.0,0.0,0,0,0,0,0,0,0,
0,0,0.0,0.0,0.0,0.0,0.0,0,0,0,0,0,0,0,
0,0,89.85,89.03,90.83,-0.009608,90.55,0,0,0,0,0,0,0,89.68
0,0,89.77,88.19,90.74,0.0056742,89.88,0,0,0,0,0,0,0,90.39
0,0,92.75,90.4,94.17,0.0348,90.53,0,0,0,0,0,0,0,93.68
0,0,92.71,91.39,95.03,-0.0221,93.78,0,0,0,0,0,0,0,91.71
0,0,91.41,90.35,93.1,-0.0106,91.76,0,0,0,0,0,0,0,90.79
0,0,0.0,0.0,0.0,0.0,0.0,0,0,0,0,0,0,0,
0,0,0.0,0.0,0.0,0.0,0.0,0,0,0,0,0,0,0,
0,0,89.72,88.46,91.88,-0.022,90.82,0,0,0,0,0,0,0,88.82
0,0,89.09,87.76,90.27,0.0063156,88.67,0,0,0,0,0,0,0,89.23
0,0,85.99,84.16,89.59,-0.0582,89.42,0,0,0,0,0,0,0,84.22
0,0,83.13,82.15,84.92,-0.0253,84.45,0,0,0,0,0,0,0,82.31
0,0,82.52,81.5,83.28,0.0061983,82.28,0,0,0,0,0,0,0,82.79
0,0,0.0,0.0,0.0,0.0,0.0,0,0,0,0,0,0,0,
0,0,0.0,0.0,0.0,0.0,0.0,0,0,0,0,0,0,0,
0,0,86.1,84.67,87.24,0.0133,85.25,0,0,0,0,0,0,0,86.38
0,0,85.94,85.12,86.74,-0.0053222,86.43,0,0,0,0,0,0,0,85.97
0,0,84.37,83.11,86.51,-0.0287,85.96,0,0,0,0,0,0,0,83.49
0,0,83.47,82.31,85.2,-0.0034856,83.2,0,0,0,0,0,0,0,82.91
0,0,86.29,83.35,87.83,0.0501,83.51,0,0,0,0,0,0,0,87.69
0,0,0.0,0.0,0.0,0.0,0.0,0,0,0,0,0,0,0,
0,0,0.0,0.0,0.0,0.0,0.0,0,0,0,0,0,0,0,
0,0,87.1,86.32,88.33,-0.0121,87.72,0,0,0,0,0,0,0,86.66
0,0,86.67,85.6,87.75,-0.0045945,87.06,0,0,0,0,0,0,0,86.66
0,0,88.47,87.2,89.88,0.005808,87.81,0,0,0,0,0,0,0,88.32
0,0,88.88,86.6,90.68,0.0128,88.24,0,0,0,0,0,0,0,89.37
0,0,89.29,88.33,90.78,-0.0169,90.28,0,0,0,0,0,0,0,88.75
0,0,0.0,0.0,0.0,0.0,0.0,0,0,0,0,0,0,0,
0,0,0.0,0.0,0.0,0.0,0.0,0,0,0,0,0,0,0,
0,0,86.38,85.35,88.29,-0.0285,88.0,0,0,0,0,0,0,0,85.49
0,0,84.33,82.94,86.3,-0.028,86.15,0,0,0,0,0,0,0,83.74
0,0,84.34,82.08,85.56,0.0203,83.69,0,0,0,0,0,0,0,85.39
0,0,83.79,82.56,85.59,-0.0253,85.37,0,0,0,0,0,0,0,83.21
0,0,84.85,83.1,85.9,0.0241,83.53,0,0,0,0,0,0,0,85.54
0,0,0.0,0.0,0.0,0.0,0.0,0,0,0,0,0,0,0,
0,0,0.0,0.0,0.0,0.0,0.0,0,0,0,0,0,0,0,
0,0,83.14,81.82,85.3,-0.0316,85.0,0,0,0,0,0,0,0,82.31
0,0,81.71,80.74,83.37,-0.019,82.59,0,0,0,0,0,0,0,81.02
0,0,81.39,80.3,83.42,-0.0128,81.48,0,0,0,0,0,0,0,80.44
0,0,81.84,80.22,82.83,0.0203,80.82,0,0,0,0,0,0,0,82.46
0,0,81.4,80.1,83.6,-0.0251,82.58,0,0,0,0,0,0,0,80.51
0,0,0.0,0.0,0.0,0.0,0.0,0,0,0,0,0,0,0,
0,0,0.0,0.0,0.0,0.0,0.0,0,0,0,0,0,0,0,
0,0,81.24,80.66,82.24,-0.003821,81.13,0,0,0,0,0,0,0,80.82
0,0,78.5,77.09,81.05,-0.044,80.93,0,0,0,0,0,0,0,77.37
0,0,75.92,74.91,77.53,-0.0232,77.12,0,0,0,0,0,0,0,75.33
0,0,76.04,75.21,77.16,0.0011897,75.65,0,0,0,0,0,0,0,75.74
0,0,76.74,75.31,77.73,0.0209,75.59,0,0,0,0,0,0,0,77.17
0,0,0.0,0.0,0.0,0.0,0.0,0,0,0,0,0,0,0,
0,0,0.0,0.0,0.0,0.0,0.0,0,0,0,0,0,0,0,
0,0,77.7,76.21,78.64,0.0144,77.15,0,0,0,0,0,0,0,78.26
0,0,78.61,77.79,79.77,-0.0034382,78.53,0,0,0,0,0,0,0,78.26
0,0,77.25,76.31,78.77,-0.0193,78.17,0,0,0,0,0,0,0,76.66
0,0,73.9,72.16,76.63,-0.0483,76.6,0,0,0,0,0,0,0,72.9
0,0,74.88,72.75,75.99,0.04,72.97,0,0,0,0,0,0,0,75.89
0,0,0.0,0.0,0.0,0.0,0.0,0,0,0,0,0,0,0,
0,0,0.0,0.0,0.0,0.0,0.0,0,0,0,0,0,0,0,
0,0,77.16,75.65,78.22,0.0258,75.65,0,0,0,0,0,0,0,77.6
0,0,77.54,76.92,77.92,0.0015454,77.65,0,0,0,0,0,0,0,77.77
0,0,76.29,73.79,77.97,-0.0086151,77.77,0,0,0,0,0,0,0,77.1
0,0,76.15,75.3,76.81,-0.0057299,76.79,0,0,0,0,0,0,0,76.35
0,0,75.9,75.07,77.09,-0.0163,76.79,0,0,0,0,0,0,0,75.54
0,0,0.0,0.0,0.0,0.0,0.0,0,0,0,0,0,0,0,
0,0,0.0,0.0,0.0,0.0,0.0,0,0,0,0,0,0,0,
0,0,75.05,74.06,76.23,-0.0059753,75.31,0,0,0,0,0,0,0,74.86
0,0,76.02,74.64,77.02,0.0179,75.07,0,0,0,0,0,0,0,76.41
0,0,77.21,75.67,78.09,0.017,76.56,0,0,0,0,0,0,0,77.86
0,0,76.87,75.05,79.6,-0.023,77.75,0,0,0,0,0,0,0,75.96
0,0,74.92,73.93,76.76,-0.0201,75.59,0,0,0,0,0,0,0,74.07
0,0,0.0,0.0,0.0,0.0,0.0,0,0,0,0,0,0,0,
0,0,0.0,0.0,0.0,0.0,0.0,0,0,0,0,0,0,0,
0,0,73.57,72.63,75.03,-0.0206,74.58,0,0,0,0,0,0,0,73.04
0,0,72.82,72.02,74.12,-0.0134,73.3,0,0,0,0,0,0,0,72.32
0,0,70.36,69.11,72.6,-0.0377,72.1,0,0,0,0,0,0,0,69.38
0,0,69.54,68.8,70.48,0.0008660508,69.28,0,0,0,0,0,0,0,69.34
0,0,70.79,69.5,71.63,0.0211,69.76,0,0,0,0,0,0,0,71.23
0,0,0.0,0.0,0.0,0.0,0.0,0,0,0,0,0,0,0,
0,0,0.0,0.0,0.0,0.0,0.0,0,0,0,0,0,0,0,
0,0,71.16,70.35,71.81,0.0023893,71.15,0,0,0,0,0,0,0,71.32
0,0,69.6,68.22,71.96,-0.0395,71.43,0,0,0,0,0,0,0,68.61
0,0,69.02,67.71,69.89,0.0108,68.73,0,0,0,0,0,0,0,69.47
0,0,71.19,69.54,72.46,0.0248,69.85,0,0,0,0,0,0,0,71.58
0,0,71.32,70.3,72.22,-0.0025136,71.61,0,0,0,0,0,0,0,71.43
0,0,0.0,0.0,0.0,0.0,0.0,0,0,0,0,0,0,0,
0,0,0.0,0.0,0.0,0.0,0.0,0,0,0,0,0,0,0,
0,0,72.46,70.64,74.26,0.011,71.68,0,0,0,0,0,0,0,72.47
0,0,73.1,71.85,74.01,0.0132,72.48,0,0,0,0,0,0,0,73.44
0,0,74.4,73.6,75.37,0.0021604,74.06,0,0,0,0,0,0,0,74.22
0,0,73.64,72.44,74.58,0.0010839,73.81,0,0,0,0,0,0,0,73.89
0,0,73.98,73.39,74.98,-0.0047355,73.91,0,0,0,0,0,0,0,73.56
0,0,0.0,0.0,0.0,0.0,0.0,0,0,0,0,0,0,0,
0,0,0.0,0.0,0.0,0.0,0.0,0,0,0,0,0,0,0,
0,0,0.0,0.0,0.0,0.0,0.0,0,0,0,0,0,0,0,
0,0,74.96,73.13,76.18,0.0273,73.56,0,0,0,0,0,0,0,75.57
0,0,74.51,73.77,75.66,-0.0161,75.32,0,0,0,0,0,0,0,74.11
0,0,72.63,71.72,74.4,-0.0275,73.8,0,0,0,0,0,0,0,71.77
0,0,71.84,71.25,72.62,-0.0047229,71.99,0,0,0,0,0,0,0,71.65
0,0,0.0,0.0,0.0,0.0,0.0,0,0,0,0,0,0,0,
0,0,0.0,0.0,0.0,0.0,0.0,0,0,0,0,0,0,0,
0,0,0.0,0.0,0.0,0.0,0.0,0,0,0,0,0,0,0,
0,0,71.36,70.06,73.64,-0.0185,71.71,0,0,0,0,0,0,0,70.38
0,0,71.74,69.28,73.23,0.0312,70.5,0,0,0,0,0,0,0,72.7
0,0,72.42,71.06,74.0,-0.0116,73.04,0,0,0,0,0,0,0,72.19
0,0,73.42,72.21,74.24,0.0195,72.4,0,0,0,0,0,0,0,73.81
0,0,0.0,0.0,0.0,0.0,0.0,0,0,0,0,0,0,0,
0,0,0.0,0.0,0.0,0.0,0.0,0,0,0,0,0,0,0,
0,0,71.62,70.13,73.95,-0.0373,73.51,0,0,0,0,0,0,0,70.77
0,0,71.88,70.47,72.93,0.0188,70.91,0,0,0,0,0,0,0,72.24
0,0,71.99,71.01,73.59,-0.0111,72.17,0,0,0,0,0,0,0,71.37
0,0,72.33,71.17,73.81,0.0096733,71.33,0,0,0,0,0,0,0,72.02
0,0,73.43,72.36,75.25,-0.0045199,73.01,0,0,0,0,0,0,0,72.68
0,0,0.0,0.0,0.0,0.0,0.0,0,0,0,0,0,0,0,
0,0,0.0,0.0,0.0,0.0,0.0,0,0,0,0,0,0,0,
0,0,0.0,0.0,0.0,0.0,0.0,0,0,0,0,0,0,0,
0,0,72.4,71.23,73.56,-0.0031667,72.63,0,0,0,0,0,0,0,72.4
0,0,72.0,70.5,72.95,0.0077778,72.0,0,0,0,0,0,0,0,72.56
0,0,73.55,72.18,74.38,0.0179,72.78,0,0,0,0,0,0,0,74.08
0,0,73.84,73.2,74.91,-0.0090443,74.08,0,0,0,0,0,0,0,73.41
0,0,0.0,0.0,0.0,0.0,0.0,0,0,0,0,0,0,0,
0,0,0.0,0.0,0.0,0.0,0.0,0,0,0,0,0,0,0,
0,0,74.61,72.89,75.75,0.0242,73.41,0,0,0,0,0,0,0,75.19
0,0,74.34,73.41,75.25,-0.004151,74.68,0,0,0,0,0,0,0,74.37
0,0,74.95,73.94,75.83,0.0069733,74.57,0,0,0,0,0,0,0,75.09
0,0,76.68,75.16,77.51,0.0274,75.3,0,0,0,0,0,0,0,77.36
0,0,77.44,76.06,78.26,0.0111,77.15,0,0,0,0,0,0,0,78.01
0,0,0.0,0.0,0.0,0.0,0.0,0,0,0,0,0,0,0,
0,0,0.0,0.0,0.0,0.0,0.0,0,0,0,0,0,0,0,
0,0,77.49,76.41,79.29,-0.0269,78.9,0,0,0,0,0,0,0,76.78
0,0,77.27,75.85,78.14,0.0104,77.02,0,0,0,0,0,0,0,77.82
0,0,76.49,75.52,78.11,-0.0256,77.84,0,0,0,0,0,0,0,75.85
0,0,74.82,73.7,76.95,-0.0282,75.96,0,0,0,0,0,0,0,73.82
0,0,72.86,71.79,74.52,-0.0221,73.91,0,0,0,0,0,0,0,72.28
0,0,0.0,0.0,0.0,0.0,0.0,0,0,0,0,0,0,0,
0,0,0.0,0.0,0.0,0.0,0.0,0,0,0,0,0,0,0,
0,0,72.49,71.41,73.28,0.0004123711,72.75,0,0,0,0,0,0,0,72.78
0,0,73.17,72.38,73.82,0.0075591,72.76,0,0,0,0,0,0,0,73.31
0,0,73.77,73.23,74.22,0.004898,73.5,0,0,0,0,0,0,0,73.86
0,0,75.46,73.56,76.59,0.0289,74.08,0,0,0,0,0,0,0,76.22
0,0,76.69,75.93,77.29,0.0054959,76.42,0,0,0,0,0,0,0,76.84
0,0,0.0,0.0,0.0,0.0,0.0,0,0,0,0,0,0,0,
0,0,0.0,0.0,0.0,0.0,0.0,0,0,0,0,0,0,0,
0,0,76.52,75.54,77.09,0.0041775,76.6,0,0,0,0,0,0,0,76.92
0,0,77.74,76.87,78.47,0.0109,77.03,0,0,0,0,0,0,0,77.87
0,0,77.26,76.38,78.77,-0.015,77.81,0,0,0,0,0,0,0,76.64
0,0,77.42,75.78,78.44,0.0187,76.6,0,0,0,0,0,0,0,78.03
0,0,78.59,77.22,79.35,0.0138,78.11,0,0,0,0,0,0,0,79.19
0,0,0.0,0.0,0.0,0.0,0.0,0,0,0,0,0,0,0,
0,0,0.0,0.0,0.0,0.0,0.0,0,0,0,0,0,0,0,
0,0,0.0,0.0,0.0,0.0,0.0,0,0,0,0,0,0,0,
0,0,78.55,77.67,79.8,-0.0101,78.98,0,0,0,0,0,0,0,78.18
0,0,77.44,76.32,78.08,0.0098509,77.15,0,0,0,0,0,0,0,77.91
0,0,78.25,77.23,78.92,0.006659,78.09,0,0,0,0,0,0,0,78.61
0,0,77.08,76.35,78.39,-0.024,78.37,0,0,0,0,0,0,0,76.49
0,0,0.0,0.0,0.0,0.0,0.0,0,0,0,0,0,0,0,
0,0,0.0,0.0,0.0,0.0,0.0,0,0,0,0,0,0,0,
0,0,77.15,75.84,78.03,0.0154,76.4,0,0,0,0,0,0,0,77.58
0,0,78.35,77.17,79.0,0.0161,77.62,0,0,0,0,0,0,0,78.87
0,0,78.65,77.78,79.62,0.000764526,78.48,0,0,0,0,0,0,0,78.54
0,0,78.49,77.94,79.28,0.0007672634,78.2,0,0,0,0,0,0,0,78.26
0,0,79.62,78.05,80.85,0.0216,78.28,0,0,0,0,0,0,0,79.97
0,0,0.0,0.0,0.0,0.0,0.0,0,0,0,0,0,0,0,
0,0,0.0,0.0,0.0,0.0,0.0,0,0,0,0,0,0,0,
0,0,79.24,78.56,80.41,-0.0175,80.14,0,0,0,0,0,0,0,78.74
0,0,78.39,77.52,79.49,-0.007493,78.74,0,0,0,0,0,0,0,78.15
0,0,79.26,77.99,80.67,0.0125,78.15,0,0,0,0,0,0,0,79.13
0,0,78.83,78.02,79.53,-0.0025275,79.13,0,0,0,0,0,0,0,78.93
0,0,78.52,77.56,79.99,-0.0189,79.51,0,0,0,0,0,0,0,78.01
0,0,0.0,0.0,0.0,0.0,0.0,0,0,0,0,0,0,0,
0,0,0.0,0.0,0.0,0.0,0.0,0,0,0,0,0,0,0,
0,0,77.73,76.79,78.47,0.001671,77.8,0,0,0,0,0,0,0,77.93
0,0,77.88,77.34,78.73,-0.006787,78.09,0,0,0,0,0,0,0,77.56
0,0,79.06,77.57,79.9,0.0213,78.06,0,0,0,0,0,0,0,79.72
0,0,80.82,79.57,81.62,0.0205,79.63,0,0,0,0,0,0,0,81.26
0,0,80.99,80.49,81.45,-0.0012324,81.14,0,0,0,0,0,0,0,81.04
0,0,0.0,0.0,0.0,0.0,0.0,0,0,0,0,0,0,0,
0,0,0.0,0.0,0.0,0.0,0.0,0,0,0,0,0,0,0,
0,0,82.27,81.01,83.09,0.0209,81.03,0,0,0,0,0,0,0,82.72
0,0,83.24,82.39,83.85,0.0074834,82.85,0,0,0,0,0,0,0,83.47
0,0,82.11,81.44,83.21,-0.0183,83.2,0,0,0,0,0,0,0,81.68
0,0,81.1,80.3,81.92,-0.005154,81.49,0,0,0,0,0,0,0,81.07
0,0,80.83,80.42,81.45,-0.0025977,80.84,0,0,0,0,0,0,0,80.63
0,0,0.0,0.0,0.0,0.0,0.0,0,0,0,0,0,0,0,
0,0,0.0,0.0,0.0,0.0,0.0,0,0,0,0,0,0,0,
0,0,81.67,80.59,82.48,0.0136,80.85,0,0,0,0,0,0,0,81.95
0,0,81.73,81.22,82.36,-0.0039053,81.94,0,0,0,0,0,0,0,81.62
0,0,81.21,80.55,81.74,0.0007380982,81.29,0,0,0,0,0,0,0,81.35
0,0,82.63,81.52,83.21,0.0179,81.71,0,0,0,0,0,0,0,83.17
0,0,0.0,0.0,0.0,0.0,0.0,0,0,0,0,0,0,0,
0,0,0.0,0.0,0.0,0.0,0.0,0,0,0,0,0,0,0,
0,0,0.0,0.0,0.0,0.0,0.0,0,0,0,0,0,0,0,
0,0,83.6,82.6,84.49,0.0068559,83.14,0,0,0,0,0,0,0,83.71
0,0,84.83,83.85,85.5,0.0132,84.04,0,0,0,0,0,0,0,85.15
0,0,85.49,84.85,86.2,-0.0003510414,85.46,0,0,0,0,0,0,0,85.43
0,0,86.15,84.64,87.22,0.0109,85.66,0,0,0,0,0,0,0,86.59
0,0,86.95,86.32,87.63,0.000575639,86.86,0,0,0,0,0,0,0,86.91
0,0,0.0,0.0,0.0,0.0,0.0,0,0,0,0,0,0,0,
0,0,0.0,0.0,0.0,0.0,0.0,0,0,0,0,0,0,0,
0,0,86.07,84.69,87.1,0.0038328,86.1,0,0,0,0,0,0,0,86.43
0,0,85.77,85.09,86.98,-0.0157,86.59,0,0,0,0,0,0,0,85.23
0,0,85.71,84.55,86.38,0.0102,85.34,0,0,0,0,0,0,0,86.21
0,0,85.5,84.84,86.63,-0.0151,86.32,0,0,0,0,0,0,0,85.02
0,0,86.19,85.24,87.67,0.0007009346,85.6,0,0,0,0,0,0,0,85.66
0,0,0.0,0.0,0.0,0.0,0.0,0,0,0,0,0,0,0,
0,0,0.0,0.0,0.0,0.0,0.0,0,0,0,0,0,0,0,
0,0,85.19,84.05,86.11,-0.0060514,85.93,0,0,0,0,0,0,0,85.41
0,0,85.43,84.75,86.18,-0.0039673,85.7,0,0,0,0,0,0,0,85.36
0,0,83.58,82.55,85.51,-0.0313,85.36,0,0,0,0,0,0,0,82.69
0,0,82.59,81.56,83.47,-0.0007247252,82.79,0,0,0,0,0,0,0,82.73
0,0,83.74,81.8,86.28,0.0062939,82.62,0,0,0,0,0,0,0,83.14
0,0,0.0,0.0,0.0,0.0,0.0,0,0,0,0,0,0,0,
0,0,0.0,0.0,0.0,0.0,0.0,0,0,0,0,0,0,0,
0,0,82.68,81.85,83.35,-0.0024082,83.05,0,0,0,0,0,0,0,82.85
0,0,82.56,80.88,83.43,0.015,82.13,0,0,0,0,0,0,0,83.36
0,0,82.99,82.44,83.71,-0.0070743,83.4,0,0,0,0,0,0,0,82.81
0,0,83.13,81.99,83.83,0.008934,82.83,0,0,0,0,0,0,0,83.57
0,0,83.89,83.35,84.46,0.00047727,83.81,0,0,0,0,0,0,0,83.85
0,0,0.0,0.0,0.0,0.0,0.0,0,0,0,0,0,0,0,
0,0,0.0,0.0,0.0,0.0,0.0,0,0,0,0,0,0,0,
0,0,82.98,82.4,83.91,-0.0127,83.69,0,0,0,0,0,0,0,82.63
0,0,82.06,80.95,83.3,-0.01,82.76,0,0,0,0,0,0,0,81.93
0,0,79.8,78.83,81.57,-0.0304,81.48,0,0,0,0,0,0,0,79.0
0,0,79.09,78.41,79.9,-0.0025268,79.15,0,0,0,0,0,0,0,78.95
0,0,78.57,77.96,79.63,-0.0121,79.07,0,0,0,0,0,0,0,78.11
0,0,0.0,0.0,0.0,0.0,0.0,0,0,0,0,0,0,0,
0,0,0.0,0.0,0.0,0.0,0.0,0,0,0,0,0,0,0,
0,0,78.49,77.91,79.09,0.0040942,78.16,0,0,0,0,0,0,0,78.48
0,0,78.37,77.55,79.17,-0.0043191,78.72,0,0,0,0,0,0,0,78.38
0,0,78.38,76.89,79.27,0.0082972,78.34,0,0,0,0,0,0,0,78.99
0,0,79.32,78.91,79.8,0.0003786445,79.23,0,0,0,0,0,0,0,79.26
0,0,78.79,78.14,79.96,-0.0167,79.59,0,0,0,0,0,0,0,78.26
0,0,0.0,0.0,0.0,0.0,0.0,0,0,0,0,0,0,0,
0,0,0.0,0.0,0.0,0.0,0.0,0,0,0,0,0,0,0,
0,0,78.8,77.78,79.49,0.012,78.18,0,0,0,0,0,0,0,79.12
0,0,78.36,77.68,79.38,-0.0153,79.23,0,0,0,0,0,0,0,78.02
0,0,78.08,76.7,78.92,0.0024222,78.44,0,0,0,0,0,0,0,78.63
0,0,79.09,78.2,79.85,0.0049467,78.84,0,0,0,0,0,0,0,79.23
0,0,79.73,79.0,80.14,0.0085664,79.38,0,0,0,0,0,0,0,80.06
0,0,0.0,0.0,0.0,0.0,0.0,0,0,0,0,0,0,0,
0,0,0.0,0.0,0.0,0.0,0.0,0,0,0,0,0,0,0,
0,0,79.86,79.17,80.6,-0.0026247,80.01,0,0,0,0,0,0,0,79.8
0,0,79.02,78.08,79.72,-0.0055207,79.7,0,0,0,0,0,0,0,79.26
0,0,77.74,77.25,78.41,-0.0081831,78.21,0,0,0,0,0,0,0,77.57
0,0,77.32,76.43,78.66,-0.0054341,77.29,0,0,0,0,0,0,0,76.87
0,0,77.31,76.15,78.05,0.0088266,77.04,0,0,0,0,0,0,0,77.72
0,0,0.0,0.0,0.0,0.0,0.0,0,0,0,0,0,0,0,
0,0,0.0,0.0,0.0,0.0,0.0,0,0,0,0,0,0,0,
0,0,0.0,0.0,0.0,0.0,0.0,0,0,0,0,0,0,0,
0,0,79.27,77.69,80.29,0.026,77.81,0,0,0,0,0,0,0,79.83
0,0,79.61,78.99,80.62,-0.0128,80.26,0,0,0,0,0,0,0,79.23
0,0,78.32,77.63,79.42,-0.0173,79.28,0,0,0,0,0,0,0,77.91
0,0,77.43,76.67,78.62,-0.0118,77.91,0,0,0,0,0,0,0,76.99
0,0,0.0,0.0,0.0,0.0,0.0,0,0,0,0,0,0,0,
0,0,0.0,0.0,0.0,0.0,0.0,0,0,0,0,0,0,0,
0,0,75.24,73.98,77.52,-0.0357,76.97,0,0,0,0,0,0,0,74.22
0,0,73.29,72.48,74.13,-0.0104,74.02,0,0,0,0,0,0,0,73.25
0,0,73.74,72.82,74.33,0.016,72.9,0,0,0,0,0,0,0,74.07
0,0,75.13,74.06,75.79,0.0168,74.3,0,0,0,0,0,0,0,75.55
0,0,75.66,75.21,76.25,-0.0018501,75.67,0,0,0,0,0,0,0,75.53
0,0,0.0,0.0,0.0,0.0,0.0,0,0,0,0,0,0,0,
0,0,0.0,0.0,0.0,0.0,0.0,0,0,0,0,0,0,0,
0,0,77.09,75.23,78.29,0.0317,75.35,0,0,0,0,0,0,0,77.74
0,0,77.9,77.22,78.36,0.0001280082,78.12,0,0,0,0,0,0,0,78.13
0,0,78.54,77.88,79.32,0.0025569,78.22,0,0,0,0,0,0,0,78.42
0,0,78.01,77.67,78.47,-0.0062523925,78.37,0,0,0,0,0,0,0,77.88
